{
  "type": "FeatureCollection",
  "features": [
    {
      "type": "Feature",
      "id": "arbolado_publico.fid--22daefbc_19dc07f98be_-358d",
      "geometry": {
        "type": "Point",
        "coordinates": [-58.38137043, -34.60198243]
      },
      "geometry_name": "geom",
      "properties": {
        "id": 23743,
        "gna": "Árbol",
        "nam": "Tipuana Tipu",
        "nco": "Tipa Blanca",
        "clf": "Tipa",
        "sta": null,
        "vta": null,
        "uve": null,
        "npl": null,
        "epl": null,
        "alt": 15,
        "dmt": 65,
        "inc": null,
        "dir": "",
        "tar": "Arbolado lineal",
        "sag": "DG de Espacios Verdes y Arbolado"
      }
    },
    {
      "type": "Feature",
      "id": "arbolado_publico.fid--22daefbc_19dc07f98be_-358c",
      "geometry": {
        "type": "Point",
        "coordinates": [-58.38185508, -34.6054626]
      },
      "geometry_name": "geom",
      "properties": {
        "id": 24504,
        "gna": "Árbol",
        "nam": "Tipuana Tipu",
        "nco": "Tipa Blanca",
        "clf": "Tipa",
        "sta": null,
        "vta": null,
        "uve": null,
        "npl": null,
        "epl": null,
        "alt": 20,
        "dmt": 96,
        "inc": null,
        "dir": "",
        "tar": "Arbolado lineal",
        "sag": "DG de Espacios Verdes y Arbolado"
      }
    },
    {
      "type": "Feature",
      "id": "arbolado_publico.fid--22daefbc_19dc07f98be_-358b",
      "geometry": {
        "type": "Point",
        "coordinates": [-58.38190053, -34.60491466]
      },
      "geometry_name": "geom",
      "properties": {
        "id": 24647,
        "gna": "Árbol",
        "nam": "Tipuana Tipu",
        "nco": "Tipa Blanca",
        "clf": "Tipa",
        "sta": null,
        "vta": null,
        "uve": null,
        "npl": null,
        "epl": null,
        "alt": 23,
        "dmt": 80,
        "inc": null,
        "dir": "",
        "tar": "Arbolado lineal",
        "sag": "DG de Espacios Verdes y Arbolado"
      }
    },
    {
      "type": "Feature",
      "id": "arbolado_publico.fid--22daefbc_19dc07f98be_-358a",
      "geometry": {
        "type": "Point",
        "coordinates": [-58.38209987, -34.60284765]
      },
      "geometry_name": "geom",
      "properties": {
        "id": 24924,
        "gna": "Árbol",
        "nam": "Tipuana Tipu",
        "nco": "Tipa Blanca",
        "clf": "Tipa",
        "sta": null,
        "vta": null,
        "uve": null,
        "npl": null,
        "epl": null,
        "alt": 23,
        "dmt": 70,
        "inc": null,
        "dir": "",
        "tar": "Arbolado lineal",
        "sag": "DG de Espacios Verdes y Arbolado"
      }
    },
    {
      "type": "Feature",
      "id": "arbolado_publico.fid--22daefbc_19dc07f98be_-3589",
      "geometry": {
        "type": "Point",
        "coordinates": [-58.38190232, -34.60487355]
      },
      "geometry_name": "geom",
      "properties": {
        "id": 24938,
        "gna": "Árbol",
        "nam": "Tipuana Tipu",
        "nco": "Tipa Blanca",
        "clf": "Tipa",
        "sta": null,
        "vta": null,
        "uve": null,
        "npl": null,
        "epl": null,
        "alt": 23,
        "dmt": 60,
        "inc": null,
        "dir": "",
        "tar": "Arbolado lineal",
        "sag": "DG de Espacios Verdes y Arbolado"
      }
    },
    {
      "type": "Feature",
      "id": "arbolado_publico.fid--22daefbc_19dc07f98be_-3588",
      "geometry": {
        "type": "Point",
        "coordinates": [-58.38120657, -34.60476095]
      },
      "geometry_name": "geom",
      "properties": {
        "id": 24989,
        "gna": "Árbol",
        "nam": "Tipuana Tipu",
        "nco": "Tipa Blanca",
        "clf": "Tipa",
        "sta": null,
        "vta": null,
        "uve": null,
        "npl": null,
        "epl": null,
        "alt": 22,
        "dmt": 75,
        "inc": null,
        "dir": "",
        "tar": "Arbolado lineal",
        "sag": "DG de Espacios Verdes y Arbolado"
      }
    },
    {
      "type": "Feature",
      "id": "arbolado_publico.fid--22daefbc_19dc07f98be_-3587",
      "geometry": {
        "type": "Point",
        "coordinates": [-58.38121812, -34.6046591]
      },
      "geometry_name": "geom",
      "properties": {
        "id": 24990,
        "gna": "Árbol",
        "nam": "Tipuana Tipu",
        "nco": "Tipa Blanca",
        "clf": "Tipa",
        "sta": null,
        "vta": null,
        "uve": null,
        "npl": null,
        "epl": null,
        "alt": 20,
        "dmt": 74,
        "inc": null,
        "dir": "",
        "tar": "Arbolado lineal",
        "sag": "DG de Espacios Verdes y Arbolado"
      }
    },
    {
      "type": "Feature",
      "id": "arbolado_publico.fid--22daefbc_19dc07f98be_-3586",
      "geometry": {
        "type": "Point",
        "coordinates": [-58.38106756, -34.60565858]
      },
      "geometry_name": "geom",
      "properties": {
        "id": 25261,
        "gna": "Árbol",
        "nam": "Tipuana Tipu",
        "nco": "Tipa Blanca",
        "clf": "Tipa",
        "sta": null,
        "vta": null,
        "uve": null,
        "npl": null,
        "epl": null,
        "alt": 6,
        "dmt": 20,
        "inc": null,
        "dir": "",
        "tar": "Arbolado lineal",
        "sag": "DG de Espacios Verdes y Arbolado"
      }
    },
    {
      "type": "Feature",
      "id": "arbolado_publico.fid--22daefbc_19dc07f98be_-3585",
      "geometry": {
        "type": "Point",
        "coordinates": [-58.38106237, -34.60584066]
      },
      "geometry_name": "geom",
      "properties": {
        "id": 25263,
        "gna": "Árbol",
        "nam": "Tipuana Tipu",
        "nco": "Tipa Blanca",
        "clf": "Tipa",
        "sta": null,
        "vta": null,
        "uve": null,
        "npl": null,
        "epl": null,
        "alt": 6,
        "dmt": 20,
        "inc": null,
        "dir": "",
        "tar": "Arbolado lineal",
        "sag": "DG de Espacios Verdes y Arbolado"
      }
    },
    {
      "type": "Feature",
      "id": "arbolado_publico.fid--22daefbc_19dc07f98be_-3584",
      "geometry": {
        "type": "Point",
        "coordinates": [-58.3818522, -34.60573627]
      },
      "geometry_name": "geom",
      "properties": {
        "id": 25296,
        "gna": "Árbol",
        "nam": "Tipuana Tipu",
        "nco": "Tipa Blanca",
        "clf": "Tipa",
        "sta": null,
        "vta": null,
        "uve": null,
        "npl": null,
        "epl": null,
        "alt": 23,
        "dmt": 48,
        "inc": null,
        "dir": "",
        "tar": "Arbolado lineal",
        "sag": "DG de Espacios Verdes y Arbolado"
      }
    },
    {
      "type": "Feature",
      "id": "arbolado_publico.fid--22daefbc_19dc07f98be_-3583",
      "geometry": {
        "type": "Point",
        "coordinates": [-58.38185205, -34.60555265]
      },
      "geometry_name": "geom",
      "properties": {
        "id": 25565,
        "gna": "Árbol",
        "nam": "Tipuana Tipu",
        "nco": "Tipa Blanca",
        "clf": "Tipa",
        "sta": null,
        "vta": null,
        "uve": null,
        "npl": null,
        "epl": null,
        "alt": 23,
        "dmt": 44,
        "inc": null,
        "dir": "",
        "tar": "Arbolado lineal",
        "sag": "DG de Espacios Verdes y Arbolado"
      }
    },
    {
      "type": "Feature",
      "id": "arbolado_publico.fid--22daefbc_19dc07f98be_-3582",
      "geometry": {
        "type": "Point",
        "coordinates": [-58.38186485, -34.60528863]
      },
      "geometry_name": "geom",
      "properties": {
        "id": 25962,
        "gna": "Árbol",
        "nam": "Tipuana Tipu",
        "nco": "Tipa Blanca",
        "clf": "Tipa",
        "sta": null,
        "vta": null,
        "uve": null,
        "npl": null,
        "epl": null,
        "alt": 23,
        "dmt": 75,
        "inc": null,
        "dir": "",
        "tar": "Arbolado lineal",
        "sag": "DG de Espacios Verdes y Arbolado"
      }
    },
    {
      "type": "Feature",
      "id": "arbolado_publico.fid--22daefbc_19dc07f98be_-3581",
      "geometry": {
        "type": "Point",
        "coordinates": [-58.38212845, -34.60159145]
      },
      "geometry_name": "geom",
      "properties": {
        "id": 26419,
        "gna": "Árbol",
        "nam": "Tipuana Tipu",
        "nco": "Tipa Blanca",
        "clf": "Tipa",
        "sta": null,
        "vta": null,
        "uve": null,
        "npl": null,
        "epl": null,
        "alt": 22,
        "dmt": 86,
        "inc": null,
        "dir": "",
        "tar": "Arbolado lineal",
        "sag": "DG de Espacios Verdes y Arbolado"
      }
    },
    {
      "type": "Feature",
      "id": "arbolado_publico.fid--22daefbc_19dc07f98be_-3580",
      "geometry": {
        "type": "Point",
        "coordinates": [-58.38137455, -34.60189761]
      },
      "geometry_name": "geom",
      "properties": {
        "id": 26422,
        "gna": "Árbol",
        "nam": "Tipuana Tipu",
        "nco": "Tipa Blanca",
        "clf": "Tipa",
        "sta": null,
        "vta": null,
        "uve": null,
        "npl": null,
        "epl": null,
        "alt": 16,
        "dmt": 42,
        "inc": null,
        "dir": "",
        "tar": "Arbolado lineal",
        "sag": "DG de Espacios Verdes y Arbolado"
      }
    },
    {
      "type": "Feature",
      "id": "arbolado_publico.fid--22daefbc_19dc07f98be_-357f",
      "geometry": {
        "type": "Point",
        "coordinates": [-58.38139235, -34.60152867]
      },
      "geometry_name": "geom",
      "properties": {
        "id": 26770,
        "gna": "Árbol",
        "nam": "Tipuana Tipu",
        "nco": "Tipa Blanca",
        "clf": "Tipa",
        "sta": null,
        "vta": null,
        "uve": null,
        "npl": null,
        "epl": null,
        "alt": 21,
        "dmt": 80,
        "inc": null,
        "dir": "",
        "tar": "Arbolado lineal",
        "sag": "DG de Espacios Verdes y Arbolado"
      }
    },
    {
      "type": "Feature",
      "id": "arbolado_publico.fid--22daefbc_19dc07f98be_-357e",
      "geometry": {
        "type": "Point",
        "coordinates": [-58.38210737, -34.60185978]
      },
      "geometry_name": "geom",
      "properties": {
        "id": 26785,
        "gna": "Árbol",
        "nam": "Tipuana Tipu",
        "nco": "Tipa Blanca",
        "clf": "Tipa",
        "sta": null,
        "vta": null,
        "uve": null,
        "npl": null,
        "epl": null,
        "alt": 20,
        "dmt": 61,
        "inc": null,
        "dir": "",
        "tar": "Arbolado lineal",
        "sag": "DG de Espacios Verdes y Arbolado"
      }
    },
    {
      "type": "Feature",
      "id": "arbolado_publico.fid--22daefbc_19dc07f98be_-357d",
      "geometry": {
        "type": "Point",
        "coordinates": [-58.38211822, -34.60168338]
      },
      "geometry_name": "geom",
      "properties": {
        "id": 26919,
        "gna": "Árbol",
        "nam": "Tipuana Tipu",
        "nco": "Tipa Blanca",
        "clf": "Tipa",
        "sta": null,
        "vta": null,
        "uve": null,
        "npl": null,
        "epl": null,
        "alt": 20,
        "dmt": 42,
        "inc": null,
        "dir": "",
        "tar": "Arbolado lineal",
        "sag": "DG de Espacios Verdes y Arbolado"
      }
    },
    {
      "type": "Feature",
      "id": "arbolado_publico.fid--22daefbc_19dc07f98be_-357c",
      "geometry": {
        "type": "Point",
        "coordinates": [-58.38211608, -34.6017628]
      },
      "geometry_name": "geom",
      "properties": {
        "id": 26920,
        "gna": "Árbol",
        "nam": "Tipuana Tipu",
        "nco": "Tipa Blanca",
        "clf": "Tipa",
        "sta": null,
        "vta": null,
        "uve": null,
        "npl": null,
        "epl": null,
        "alt": 20,
        "dmt": 46,
        "inc": null,
        "dir": "",
        "tar": "Arbolado lineal",
        "sag": "DG de Espacios Verdes y Arbolado"
      }
    },
    {
      "type": "Feature",
      "id": "arbolado_publico.fid--22daefbc_19dc07f98be_-357b",
      "geometry": {
        "type": "Point",
        "coordinates": [-58.38138008, -34.60181134]
      },
      "geometry_name": "geom",
      "properties": {
        "id": 26925,
        "gna": "Árbol",
        "nam": "Tipuana Tipu",
        "nco": "Tipa Blanca",
        "clf": "Tipa",
        "sta": null,
        "vta": null,
        "uve": null,
        "npl": null,
        "epl": null,
        "alt": 16,
        "dmt": 51,
        "inc": null,
        "dir": "",
        "tar": "Arbolado lineal",
        "sag": "DG de Espacios Verdes y Arbolado"
      }
    },
    {
      "type": "Feature",
      "id": "arbolado_publico.fid--22daefbc_19dc07f98be_-357a",
      "geometry": {
        "type": "Point",
        "coordinates": [-58.38106412, -34.60572573]
      },
      "geometry_name": "geom",
      "properties": {
        "id": 27593,
        "gna": "Árbol",
        "nam": "Tipuana Tipu",
        "nco": "Tipa Blanca",
        "clf": "Tipa",
        "sta": null,
        "vta": null,
        "uve": null,
        "npl": null,
        "epl": null,
        "alt": 6,
        "dmt": 20,
        "inc": null,
        "dir": "",
        "tar": "Arbolado lineal",
        "sag": "DG de Espacios Verdes y Arbolado"
      }
    },
    {
      "type": "Feature",
      "id": "arbolado_publico.fid--22daefbc_19dc07f98be_-3579",
      "geometry": {
        "type": "Point",
        "coordinates": [-58.38105893, -34.60589907]
      },
      "geometry_name": "geom",
      "properties": {
        "id": 27594,
        "gna": "Árbol",
        "nam": "Tipuana Tipu",
        "nco": "Tipa Blanca",
        "clf": "Tipa",
        "sta": null,
        "vta": null,
        "uve": null,
        "npl": null,
        "epl": null,
        "alt": 7,
        "dmt": 20,
        "inc": null,
        "dir": "",
        "tar": "Arbolado lineal",
        "sag": "DG de Espacios Verdes y Arbolado"
      }
    },
    {
      "type": "Feature",
      "id": "arbolado_publico.fid--22daefbc_19dc07f98be_-3578",
      "geometry": {
        "type": "Point",
        "coordinates": [-58.38134498, -34.60269363]
      },
      "geometry_name": "geom",
      "properties": {
        "id": 27871,
        "gna": "Árbol",
        "nam": "Tipuana Tipu",
        "nco": "Tipa Blanca",
        "clf": "Tipa",
        "sta": null,
        "vta": null,
        "uve": null,
        "npl": null,
        "epl": null,
        "alt": 20,
        "dmt": 92,
        "inc": null,
        "dir": "",
        "tar": "Arbolado lineal",
        "sag": "DG de Espacios Verdes y Arbolado"
      }
    },
    {
      "type": "Feature",
      "id": "arbolado_publico.fid--22daefbc_19dc07f98be_-3577",
      "geometry": {
        "type": "Point",
        "coordinates": [-58.38142995, -34.60109682]
      },
      "geometry_name": "geom",
      "properties": {
        "id": 27961,
        "gna": "Árbol",
        "nam": "Tipuana Tipu",
        "nco": "Tipa Blanca",
        "clf": "Tipa",
        "sta": null,
        "vta": null,
        "uve": null,
        "npl": null,
        "epl": null,
        "alt": 22,
        "dmt": 50,
        "inc": null,
        "dir": "",
        "tar": "Arbolado lineal",
        "sag": "DG de Espacios Verdes y Arbolado"
      }
    },
    {
      "type": "Feature",
      "id": "arbolado_publico.fid--22daefbc_19dc07f98be_-3576",
      "geometry": {
        "type": "Point",
        "coordinates": [-58.38118838, -34.60486316]
      },
      "geometry_name": "geom",
      "properties": {
        "id": 28029,
        "gna": "Árbol",
        "nam": "Tipuana Tipu",
        "nco": "Tipa Blanca",
        "clf": "Tipa",
        "sta": null,
        "vta": null,
        "uve": null,
        "npl": null,
        "epl": null,
        "alt": 21,
        "dmt": 82,
        "inc": null,
        "dir": "",
        "tar": "Arbolado lineal",
        "sag": "DG de Espacios Verdes y Arbolado"
      }
    },
    {
      "type": "Feature",
      "id": "arbolado_publico.fid--22daefbc_19dc07f98be_-3575",
      "geometry": {
        "type": "Point",
        "coordinates": [-58.38184491, -34.60582929]
      },
      "geometry_name": "geom",
      "properties": {
        "id": 28072,
        "gna": "Árbol",
        "nam": "Tipuana Tipu",
        "nco": "Tipa Blanca",
        "clf": "Tipa",
        "sta": null,
        "vta": null,
        "uve": null,
        "npl": null,
        "epl": null,
        "alt": 23,
        "dmt": 50,
        "inc": null,
        "dir": "",
        "tar": "Arbolado lineal",
        "sag": "DG de Espacios Verdes y Arbolado"
      }
    },
    {
      "type": "Feature",
      "id": "arbolado_publico.fid--22daefbc_19dc07f98be_-3574",
      "geometry": {
        "type": "Point",
        "coordinates": [-58.38184145, -34.60591943]
      },
      "geometry_name": "geom",
      "properties": {
        "id": 28073,
        "gna": "Árbol",
        "nam": "Tipuana Tipu",
        "nco": "Tipa Blanca",
        "clf": "Tipa",
        "sta": null,
        "vta": null,
        "uve": null,
        "npl": null,
        "epl": null,
        "alt": 23,
        "dmt": 40,
        "inc": null,
        "dir": "",
        "tar": "Arbolado lineal",
        "sag": "DG de Espacios Verdes y Arbolado"
      }
    },
    {
      "type": "Feature",
      "id": "arbolado_publico.fid--22daefbc_19dc07f98be_-3573",
      "geometry": {
        "type": "Point",
        "coordinates": [-58.38185962, -34.60561936]
      },
      "geometry_name": "geom",
      "properties": {
        "id": 28074,
        "gna": "Árbol",
        "nam": "Tipuana Tipu",
        "nco": "Tipa Blanca",
        "clf": "Tipa",
        "sta": null,
        "vta": null,
        "uve": null,
        "npl": null,
        "epl": null,
        "alt": 23,
        "dmt": 52,
        "inc": null,
        "dir": "",
        "tar": "Arbolado lineal",
        "sag": "DG de Espacios Verdes y Arbolado"
      }
    },
    {
      "type": "Feature",
      "id": "arbolado_publico.fid--22daefbc_19dc07f98be_-3572",
      "geometry": {
        "type": "Point",
        "coordinates": [-58.38432021, -34.602338]
      },
      "geometry_name": "geom",
      "properties": {
        "id": 28273,
        "gna": "Árbol",
        "nam": "Tipuana Tipu",
        "nco": "Tipa Blanca",
        "clf": "Tipa",
        "sta": null,
        "vta": null,
        "uve": null,
        "npl": null,
        "epl": null,
        "alt": 22,
        "dmt": 72,
        "inc": null,
        "dir": "",
        "tar": "Arbolado lineal",
        "sag": "DG de Espacios Verdes y Arbolado"
      }
    },
    {
      "type": "Feature",
      "id": "arbolado_publico.fid--22daefbc_19dc07f98be_-3571",
      "geometry": {
        "type": "Point",
        "coordinates": [-58.3782681, -34.60106554]
      },
      "geometry_name": "geom",
      "properties": {
        "id": 34918,
        "gna": "Árbol",
        "nam": "Photinia Serrulata",
        "nco": "Fotinia",
        "clf": "Otro",
        "sta": "Balanceada",
        "vta": "Vital",
        "uve": "Regular",
        "npl": "A Nivel",
        "epl": "Ocupada",
        "alt": 3,
        "dmt": 7,
        "inc": null,
        "dir": "Esmeralda 610",
        "tar": "Arbolado lineal",
        "sag": "DG de Espacios Verdes y Arbolado"
      }
    },
    {
      "type": "Feature",
      "id": "arbolado_publico.fid--22daefbc_19dc07f98be_-3570",
      "geometry": {
        "type": "Point",
        "coordinates": [-58.3782681, -34.60106554]
      },
      "geometry_name": "geom",
      "properties": {
        "id": 34931,
        "gna": "Árbol",
        "nam": "Photinia Serrulata",
        "nco": "Fotinia",
        "clf": "Otro",
        "sta": "Balanceada",
        "vta": "Vital",
        "uve": "Ochava",
        "npl": "A Nivel",
        "epl": "Ocupada",
        "alt": 2,
        "dmt": 9,
        "inc": null,
        "dir": "Esmeralda 610",
        "tar": "Arbolado lineal",
        "sag": "DG de Espacios Verdes y Arbolado"
      }
    },
    {
      "type": "Feature",
      "id": "arbolado_publico.fid--22daefbc_19dc07f98be_-356f",
      "geometry": {
        "type": "Point",
        "coordinates": [-58.3782681, -34.60106554]
      },
      "geometry_name": "geom",
      "properties": {
        "id": 34937,
        "gna": "Árbol",
        "nam": "Photinia Serrulata",
        "nco": "Fotinia",
        "clf": "Otro",
        "sta": "Balanceada",
        "vta": "Vital",
        "uve": "Regular",
        "npl": "A Nivel",
        "epl": "Ocupada",
        "alt": 4,
        "dmt": 3,
        "inc": null,
        "dir": "Esmeralda 610",
        "tar": "Arbolado lineal",
        "sag": "DG de Espacios Verdes y Arbolado"
      }
    },
    {
      "type": "Feature",
      "id": "arbolado_publico.fid--22daefbc_19dc07f98be_-356e",
      "geometry": {
        "type": "Point",
        "coordinates": [-58.38377887, -34.60199066]
      },
      "geometry_name": "geom",
      "properties": {
        "id": 36533,
        "gna": "Árbol",
        "nam": "Peltophorum Dubium",
        "nco": "Ibira Pita",
        "clf": "Ibirá Pitá",
        "sta": "Balanceada",
        "vta": "Vital",
        "uve": "Regular",
        "npl": "A Nivel",
        "epl": "Ocupada",
        "alt": 4,
        "dmt": 4,
        "inc": null,
        "dir": "Libertad 555",
        "tar": "Arbolado lineal",
        "sag": "DG de Espacios Verdes y Arbolado"
      }
    },
    {
      "type": "Feature",
      "id": "arbolado_publico.fid--22daefbc_19dc07f98be_-356d",
      "geometry": {
        "type": "Point",
        "coordinates": [-58.38390086, -34.60270116]
      },
      "geometry_name": "geom",
      "properties": {
        "id": 36534,
        "gna": "Árbol",
        "nam": "Peltophorum Dubium",
        "nco": "Ibira Pita",
        "clf": "Ibirá Pitá",
        "sta": "Balanceada - Bifurcada",
        "vta": "Vital",
        "uve": "Regular",
        "npl": "Bajo Nivel",
        "epl": "Ocupada",
        "alt": 9,
        "dmt": 41,
        "inc": null,
        "dir": "Lavalle 1202",
        "tar": "Arbolado lineal",
        "sag": "DG de Espacios Verdes y Arbolado"
      }
    },
    {
      "type": "Feature",
      "id": "arbolado_publico.fid--22daefbc_19dc07f98be_-356c",
      "geometry": {
        "type": "Point",
        "coordinates": [-58.38397459, -34.60270409]
      },
      "geometry_name": "geom",
      "properties": {
        "id": 36537,
        "gna": "Árbol",
        "nam": "Peltophorum Dubium",
        "nco": "Ibira Pita",
        "clf": "Ibirá Pitá",
        "sta": "Balanceada",
        "vta": "Vital",
        "uve": "Regular",
        "npl": "Bajo Nivel",
        "epl": "Ocupada",
        "alt": 10,
        "dmt": 32,
        "inc": 14,
        "dir": "Lavalle 1208",
        "tar": "Arbolado lineal",
        "sag": "DG de Espacios Verdes y Arbolado"
      }
    },
    {
      "type": "Feature",
      "id": "arbolado_publico.fid--22daefbc_19dc07f98be_-356b",
      "geometry": {
        "type": "Point",
        "coordinates": [-58.38436783, -34.60271972]
      },
      "geometry_name": "geom",
      "properties": {
        "id": 36541,
        "gna": "Árbol",
        "nam": "Peltophorum Dubium",
        "nco": "Ibira Pita",
        "clf": "Ibirá Pitá",
        "sta": "Balanceada",
        "vta": "Vital",
        "uve": "Regular",
        "npl": "Bajo Nivel",
        "epl": "Ocupada",
        "alt": 9,
        "dmt": 38,
        "inc": null,
        "dir": "Lavalle 1240",
        "tar": "Arbolado lineal",
        "sag": "DG de Espacios Verdes y Arbolado"
      }
    },
    {
      "type": "Feature",
      "id": "arbolado_publico.fid--22daefbc_19dc07f98be_-356a",
      "geometry": {
        "type": "Point",
        "coordinates": [-58.38436783, -34.60271972]
      },
      "geometry_name": "geom",
      "properties": {
        "id": 36542,
        "gna": "Árbol",
        "nam": "Peltophorum Dubium",
        "nco": "Ibira Pita",
        "clf": "Ibirá Pitá",
        "sta": "Balanceada",
        "vta": "Vital",
        "uve": "Regular",
        "npl": "A Nivel",
        "epl": "Ocupada",
        "alt": 3,
        "dmt": 5,
        "inc": null,
        "dir": "Lavalle 1240",
        "tar": "Arbolado lineal",
        "sag": "DG de Espacios Verdes y Arbolado"
      }
    },
    {
      "type": "Feature",
      "id": "arbolado_publico.fid--22daefbc_19dc07f98be_-3569",
      "geometry": {
        "type": "Point",
        "coordinates": [-58.38377887, -34.60199066]
      },
      "geometry_name": "geom",
      "properties": {
        "id": 36543,
        "gna": "Árbol",
        "nam": "Peltophorum Dubium",
        "nco": "Ibira Pita",
        "clf": "Ibirá Pitá",
        "sta": "Sin Estructura",
        "vta": "En Observación",
        "uve": "Regular",
        "npl": "A Nivel",
        "epl": "Ocupada",
        "alt": 3,
        "dmt": 4,
        "inc": null,
        "dir": "Libertad 555",
        "tar": "Arbolado lineal",
        "sag": "DG de Espacios Verdes y Arbolado"
      }
    },
    {
      "type": "Feature",
      "id": "arbolado_publico.fid--22daefbc_19dc07f98be_-3568",
      "geometry": {
        "type": "Point",
        "coordinates": [-58.38471192, -34.60273339]
      },
      "geometry_name": "geom",
      "properties": {
        "id": 36547,
        "gna": "Árbol",
        "nam": "Peltophorum Dubium",
        "nco": "Ibira Pita",
        "clf": "Ibirá Pitá",
        "sta": "Balanceada",
        "vta": "Vital",
        "uve": "Regular",
        "npl": "Bajo Nivel",
        "epl": "Ocupada",
        "alt": 8,
        "dmt": 29,
        "inc": null,
        "dir": "Lavalle 1268",
        "tar": "Arbolado lineal",
        "sag": "DG de Espacios Verdes y Arbolado"
      }
    },
    {
      "type": "Feature",
      "id": "arbolado_publico.fid--22daefbc_19dc07f98be_-3567",
      "geometry": {
        "type": "Point",
        "coordinates": [-58.38377887, -34.60199066]
      },
      "geometry_name": "geom",
      "properties": {
        "id": 36548,
        "gna": "Árbol",
        "nam": "Peltophorum Dubium",
        "nco": "Ibira Pita",
        "clf": "Ibirá Pitá",
        "sta": "Sin Estructura",
        "vta": "En Observación",
        "uve": "Regular",
        "npl": "A Nivel",
        "epl": "Ocupada",
        "alt": 4,
        "dmt": 5,
        "inc": null,
        "dir": "Libertad 555",
        "tar": "Arbolado lineal",
        "sag": "DG de Espacios Verdes y Arbolado"
      }
    },
    {
      "type": "Feature",
      "id": "arbolado_publico.fid--22daefbc_19dc07f98be_-3566",
      "geometry": {
        "type": "Point",
        "coordinates": [-58.38471192, -34.60273339]
      },
      "geometry_name": "geom",
      "properties": {
        "id": 36550,
        "gna": "Árbol",
        "nam": "Peltophorum Dubium",
        "nco": "Ibira Pita",
        "clf": "Ibirá Pitá",
        "sta": "Balanceada",
        "vta": "Vital",
        "uve": "Regular",
        "npl": "A Nivel",
        "epl": "Ocupada",
        "alt": 9,
        "dmt": 36,
        "inc": null,
        "dir": "Lavalle 1268",
        "tar": "Arbolado lineal",
        "sag": "DG de Espacios Verdes y Arbolado"
      }
    },
    {
      "type": "Feature",
      "id": "arbolado_publico.fid--22daefbc_19dc07f98be_-3565",
      "geometry": {
        "type": "Point",
        "coordinates": [-58.38471192, -34.60273339]
      },
      "geometry_name": "geom",
      "properties": {
        "id": 36553,
        "gna": "Árbol",
        "nam": "Peltophorum Dubium",
        "nco": "Ibira Pita",
        "clf": "Ibirá Pitá",
        "sta": "Balanceada",
        "vta": "Vital",
        "uve": "Regular",
        "npl": "Bajo Nivel",
        "epl": "Ocupada",
        "alt": 9,
        "dmt": 30,
        "inc": null,
        "dir": "Lavalle 1268",
        "tar": "Arbolado lineal",
        "sag": "DG de Espacios Verdes y Arbolado"
      }
    },
    {
      "type": "Feature",
      "id": "arbolado_publico.fid--22daefbc_19dc07f98be_-3564",
      "geometry": {
        "type": "Point",
        "coordinates": [-58.38378663, -34.60186658]
      },
      "geometry_name": "geom",
      "properties": {
        "id": 36556,
        "gna": "Árbol",
        "nam": "Peltophorum Dubium",
        "nco": "Ibira Pita",
        "clf": "Ibirá Pitá",
        "sta": "Balanceada",
        "vta": "Vital",
        "uve": "Regular",
        "npl": "A Nivel",
        "epl": "Ocupada",
        "alt": 4,
        "dmt": 4,
        "inc": null,
        "dir": "Libertad 567",
        "tar": "Arbolado lineal",
        "sag": "DG de Espacios Verdes y Arbolado"
      }
    },
    {
      "type": "Feature",
      "id": "arbolado_publico.fid--22daefbc_19dc07f98be_-3563",
      "geometry": {
        "type": "Point",
        "coordinates": [-58.38389201, -34.60255806]
      },
      "geometry_name": "geom",
      "properties": {
        "id": 36608,
        "gna": "Árbol",
        "nam": "Peltophorum Dubium",
        "nco": "Ibira Pita",
        "clf": "Ibirá Pitá",
        "sta": "Balanceada",
        "vta": "Vital",
        "uve": "Regular",
        "npl": "A Nivel",
        "epl": "Ocupada",
        "alt": 4,
        "dmt": 4,
        "inc": null,
        "dir": "Libertad 502",
        "tar": "Arbolado lineal",
        "sag": "DG de Espacios Verdes y Arbolado"
      }
    },
    {
      "type": "Feature",
      "id": "arbolado_publico.fid--22daefbc_19dc07f98be_-3562",
      "geometry": {
        "type": "Point",
        "coordinates": [-58.38375817, -34.60232154]
      },
      "geometry_name": "geom",
      "properties": {
        "id": 36611,
        "gna": "Árbol",
        "nam": "Peltophorum Dubium",
        "nco": "Ibira Pita",
        "clf": "Ibirá Pitá",
        "sta": "Balanceada",
        "vta": "En Observación",
        "uve": "Regular",
        "npl": "A Nivel",
        "epl": "Ocupada",
        "alt": 4,
        "dmt": 5,
        "inc": null,
        "dir": "Libertad 523",
        "tar": "Arbolado lineal",
        "sag": "DG de Espacios Verdes y Arbolado"
      }
    },
    {
      "type": "Feature",
      "id": "arbolado_publico.fid--22daefbc_19dc07f98be_-3561",
      "geometry": {
        "type": "Point",
        "coordinates": [-58.38376464, -34.60221814]
      },
      "geometry_name": "geom",
      "properties": {
        "id": 36626,
        "gna": "Árbol",
        "nam": "Peltophorum Dubium",
        "nco": "Ibira Pita",
        "clf": "Ibirá Pitá",
        "sta": "Balanceada",
        "vta": "Vital",
        "uve": "Regular",
        "npl": "A Nivel",
        "epl": "Ocupada",
        "alt": 4,
        "dmt": 4,
        "inc": null,
        "dir": "Libertad 533",
        "tar": "Arbolado lineal",
        "sag": "DG de Espacios Verdes y Arbolado"
      }
    },
    {
      "type": "Feature",
      "id": "arbolado_publico.fid--22daefbc_19dc07f98be_-3560",
      "geometry": {
        "type": "Point",
        "coordinates": [-58.38376981, -34.60213542]
      },
      "geometry_name": "geom",
      "properties": {
        "id": 36627,
        "gna": "Árbol",
        "nam": "Peltophorum Dubium",
        "nco": "Ibira Pita",
        "clf": "Ibirá Pitá",
        "sta": "Balanceada",
        "vta": "Vital",
        "uve": "Regular",
        "npl": "A Nivel",
        "epl": "Ocupada",
        "alt": 3,
        "dmt": 5,
        "inc": null,
        "dir": "Libertad 541",
        "tar": "Arbolado lineal",
        "sag": "DG de Espacios Verdes y Arbolado"
      }
    },
    {
      "type": "Feature",
      "id": "arbolado_publico.fid--22daefbc_19dc07f98be_-355f",
      "geometry": {
        "type": "Point",
        "coordinates": [-58.38471756, -34.60245914]
      },
      "geometry_name": "geom",
      "properties": {
        "id": 36945,
        "gna": "Árbol",
        "nam": "Peltophorum Dubium",
        "nco": "Ibira Pita",
        "clf": "Ibirá Pitá",
        "sta": null,
        "vta": null,
        "uve": null,
        "npl": null,
        "epl": null,
        "alt": 8,
        "dmt": 18,
        "inc": null,
        "dir": "",
        "tar": "Arbolado lineal",
        "sag": "DG de Espacios Verdes y Arbolado"
      }
    },
    {
      "type": "Feature",
      "id": "arbolado_publico.fid--22daefbc_19dc07f98be_-355e",
      "geometry": {
        "type": "Point",
        "coordinates": [-58.38452004, -34.60245144]
      },
      "geometry_name": "geom",
      "properties": {
        "id": 36957,
        "gna": "Árbol",
        "nam": "Peltophorum Dubium",
        "nco": "Ibira Pita",
        "clf": "Ibirá Pitá",
        "sta": null,
        "vta": null,
        "uve": null,
        "npl": null,
        "epl": null,
        "alt": 10,
        "dmt": 19,
        "inc": null,
        "dir": "",
        "tar": "Arbolado lineal",
        "sag": "DG de Espacios Verdes y Arbolado"
      }
    },
    {
      "type": "Feature",
      "id": "arbolado_publico.fid--22daefbc_19dc07f98be_-355d",
      "geometry": {
        "type": "Point",
        "coordinates": [-58.38413818, -34.60243659]
      },
      "geometry_name": "geom",
      "properties": {
        "id": 37228,
        "gna": "Árbol",
        "nam": "Peltophorum Dubium",
        "nco": "Ibira Pita",
        "clf": "Ibirá Pitá",
        "sta": null,
        "vta": null,
        "uve": null,
        "npl": null,
        "epl": null,
        "alt": 9,
        "dmt": 18,
        "inc": 15,
        "dir": "",
        "tar": "Arbolado lineal",
        "sag": "DG de Espacios Verdes y Arbolado"
      }
    },
    {
      "type": "Feature",
      "id": "arbolado_publico.fid--22daefbc_19dc07f98be_-355c",
      "geometry": {
        "type": "Point",
        "coordinates": [-58.38428817, -34.60244245]
      },
      "geometry_name": "geom",
      "properties": {
        "id": 37229,
        "gna": "Árbol",
        "nam": "Peltophorum Dubium",
        "nco": "Ibira Pita",
        "clf": "Ibirá Pitá",
        "sta": null,
        "vta": null,
        "uve": null,
        "npl": null,
        "epl": null,
        "alt": 8,
        "dmt": 18,
        "inc": 5,
        "dir": "",
        "tar": "Arbolado lineal",
        "sag": "DG de Espacios Verdes y Arbolado"
      }
    },
    {
      "type": "Feature",
      "id": "arbolado_publico.fid--22daefbc_19dc07f98be_-355b",
      "geometry": {
        "type": "Point",
        "coordinates": [-58.38462163, -34.60245538]
      },
      "geometry_name": "geom",
      "properties": {
        "id": 37230,
        "gna": "Árbol",
        "nam": "Peltophorum Dubium",
        "nco": "Ibira Pita",
        "clf": "Ibirá Pitá",
        "sta": null,
        "vta": null,
        "uve": null,
        "npl": null,
        "epl": null,
        "alt": 8,
        "dmt": 18,
        "inc": 20,
        "dir": "",
        "tar": "Arbolado lineal",
        "sag": "DG de Espacios Verdes y Arbolado"
      }
    },
    {
      "type": "Feature",
      "id": "arbolado_publico.fid--22daefbc_19dc07f98be_-355a",
      "geometry": {
        "type": "Point",
        "coordinates": [-58.38486004, -34.60246464]
      },
      "geometry_name": "geom",
      "properties": {
        "id": 37233,
        "gna": "Árbol",
        "nam": "Peltophorum Dubium",
        "nco": "Ibira Pita",
        "clf": "Ibirá Pitá",
        "sta": null,
        "vta": null,
        "uve": null,
        "npl": null,
        "epl": null,
        "alt": 8,
        "dmt": 18,
        "inc": 5,
        "dir": "",
        "tar": "Arbolado lineal",
        "sag": "DG de Espacios Verdes y Arbolado"
      }
    },
    {
      "type": "Feature",
      "id": "arbolado_publico.fid--22daefbc_19dc07f98be_-3559",
      "geometry": {
        "type": "Point",
        "coordinates": [-58.38477432, -34.6021489]
      },
      "geometry_name": "geom",
      "properties": {
        "id": 41120,
        "gna": "Árbol",
        "nam": "Phoenix Canariensis",
        "nco": "Fenix",
        "clf": "Otro",
        "sta": null,
        "vta": null,
        "uve": null,
        "npl": null,
        "epl": null,
        "alt": 20,
        "dmt": 55,
        "inc": null,
        "dir": "",
        "tar": "Arbolado lineal",
        "sag": "DG de Espacios Verdes y Arbolado"
      }
    },
    {
      "type": "Feature",
      "id": "arbolado_publico.fid--22daefbc_19dc07f98be_-3558",
      "geometry": {
        "type": "Point",
        "coordinates": [-58.3843589, -34.60211682]
      },
      "geometry_name": "geom",
      "properties": {
        "id": 41311,
        "gna": "Árbol",
        "nam": "Phoenix Canariensis",
        "nco": "Fenix",
        "clf": "Otro",
        "sta": null,
        "vta": null,
        "uve": null,
        "npl": null,
        "epl": null,
        "alt": 17,
        "dmt": 80,
        "inc": null,
        "dir": "",
        "tar": "Arbolado lineal",
        "sag": "DG de Espacios Verdes y Arbolado"
      }
    },
    {
      "type": "Feature",
      "id": "arbolado_publico.fid--22daefbc_19dc07f98be_-3557",
      "geometry": {
        "type": "Point",
        "coordinates": [-58.38474963, -34.60174992]
      },
      "geometry_name": "geom",
      "properties": {
        "id": 41884,
        "gna": "Árbol",
        "nam": "Phoenix Canariensis",
        "nco": "Fenix",
        "clf": "Otro",
        "sta": null,
        "vta": null,
        "uve": null,
        "npl": null,
        "epl": null,
        "alt": 17,
        "dmt": 72,
        "inc": null,
        "dir": "",
        "tar": "Arbolado lineal",
        "sag": "DG de Espacios Verdes y Arbolado"
      }
    },
    {
      "type": "Feature",
      "id": "arbolado_publico.fid--22daefbc_19dc07f98be_-3556",
      "geometry": {
        "type": "Point",
        "coordinates": [-58.38192253, -34.60595067]
      },
      "geometry_name": "geom",
      "properties": {
        "id": 42513,
        "gna": "Árbol",
        "nam": "Schinus Areira",
        "nco": "Aguaribay",
        "clf": "Otro",
        "sta": null,
        "vta": null,
        "uve": null,
        "npl": null,
        "epl": null,
        "alt": 18,
        "dmt": 85,
        "inc": null,
        "dir": "",
        "tar": "Arbolado lineal",
        "sag": "DG de Espacios Verdes y Arbolado"
      }
    },
    {
      "type": "Feature",
      "id": "arbolado_publico.fid--22daefbc_19dc07f98be_-3555",
      "geometry": {
        "type": "Point",
        "coordinates": [-58.38475775, -34.60215493]
      },
      "geometry_name": "geom",
      "properties": {
        "id": 45106,
        "gna": "Árbol",
        "nam": "Eucalyptus Sp.",
        "nco": "Eucalipto",
        "clf": "Otro",
        "sta": null,
        "vta": null,
        "uve": null,
        "npl": null,
        "epl": null,
        "alt": 25,
        "dmt": 170,
        "inc": null,
        "dir": "",
        "tar": "Arbolado lineal",
        "sag": "DG de Espacios Verdes y Arbolado"
      }
    },
    {
      "type": "Feature",
      "id": "arbolado_publico.fid--22daefbc_19dc07f98be_-3554",
      "geometry": {
        "type": "Point",
        "coordinates": [-58.38483026, -34.60237069]
      },
      "geometry_name": "geom",
      "properties": {
        "id": 47897,
        "gna": "Árbol",
        "nam": "Cupressus Sp.",
        "nco": "Cipres",
        "clf": "Otro",
        "sta": null,
        "vta": null,
        "uve": null,
        "npl": null,
        "epl": null,
        "alt": 5,
        "dmt": 10,
        "inc": null,
        "dir": "",
        "tar": "Arbolado lineal",
        "sag": "DG de Espacios Verdes y Arbolado"
      }
    },
    {
      "type": "Feature",
      "id": "arbolado_publico.fid--22daefbc_19dc07f98be_-3553",
      "geometry": {
        "type": "Point",
        "coordinates": [-58.38132819, -34.60103329]
      },
      "geometry_name": "geom",
      "properties": {
        "id": 51782,
        "gna": "Árbol",
        "nam": "Ceiba Insignis",
        "nco": "Palo Borracho Blanco",
        "clf": "Palo Borracho",
        "sta": null,
        "vta": null,
        "uve": null,
        "npl": null,
        "epl": null,
        "alt": 20,
        "dmt": 50,
        "inc": null,
        "dir": "",
        "tar": "Arbolado lineal",
        "sag": "DG de Espacios Verdes y Arbolado"
      }
    },
    {
      "type": "Feature",
      "id": "arbolado_publico.fid--22daefbc_19dc07f98be_-3552",
      "geometry": {
        "type": "Point",
        "coordinates": [-58.38127745, -34.60108193]
      },
      "geometry_name": "geom",
      "properties": {
        "id": 51787,
        "gna": "Árbol",
        "nam": "Ceiba Insignis",
        "nco": "Palo Borracho Blanco",
        "clf": "Palo Borracho",
        "sta": null,
        "vta": null,
        "uve": null,
        "npl": null,
        "epl": null,
        "alt": 25,
        "dmt": 100,
        "inc": null,
        "dir": "",
        "tar": "Arbolado lineal",
        "sag": "DG de Espacios Verdes y Arbolado"
      }
    },
    {
      "type": "Feature",
      "id": "arbolado_publico.fid--22daefbc_19dc07f98be_-3551",
      "geometry": {
        "type": "Point",
        "coordinates": [-58.3821551, -34.60288311]
      },
      "geometry_name": "geom",
      "properties": {
        "id": 51872,
        "gna": "Árbol",
        "nam": "Ceiba Insignis",
        "nco": "Palo Borracho Blanco",
        "clf": "Palo Borracho",
        "sta": null,
        "vta": null,
        "uve": null,
        "npl": null,
        "epl": null,
        "alt": 22,
        "dmt": 70,
        "inc": null,
        "dir": "",
        "tar": "Arbolado lineal",
        "sag": "DG de Espacios Verdes y Arbolado"
      }
    },
    {
      "type": "Feature",
      "id": "arbolado_publico.fid--22daefbc_19dc07f98be_-3550",
      "geometry": {
        "type": "Point",
        "coordinates": [-58.3821422, -34.60292502]
      },
      "geometry_name": "geom",
      "properties": {
        "id": 51898,
        "gna": "Árbol",
        "nam": "Ceiba Insignis",
        "nco": "Palo Borracho Blanco",
        "clf": "Palo Borracho",
        "sta": null,
        "vta": null,
        "uve": null,
        "npl": null,
        "epl": null,
        "alt": 20,
        "dmt": 50,
        "inc": null,
        "dir": "",
        "tar": "Arbolado lineal",
        "sag": "DG de Espacios Verdes y Arbolado"
      }
    },
    {
      "type": "Feature",
      "id": "arbolado_publico.fid--22daefbc_19dc07f98be_-354f",
      "geometry": {
        "type": "Point",
        "coordinates": [-58.38271349, -34.60320403]
      },
      "geometry_name": "geom",
      "properties": {
        "id": 52471,
        "gna": "Árbol",
        "nam": "Ligustrum Lucidum",
        "nco": "Ligustro",
        "clf": "Ligustro",
        "sta": null,
        "vta": null,
        "uve": null,
        "npl": null,
        "epl": null,
        "alt": 3,
        "dmt": 20,
        "inc": null,
        "dir": "",
        "tar": "Arbolado lineal",
        "sag": "DG de Espacios Verdes y Arbolado"
      }
    },
    {
      "type": "Feature",
      "id": "arbolado_publico.fid--22daefbc_19dc07f98be_-354e",
      "geometry": {
        "type": "Point",
        "coordinates": [-58.38275821, -34.60318278]
      },
      "geometry_name": "geom",
      "properties": {
        "id": 53607,
        "gna": "Árbol",
        "nam": "Ligustrum Lucidum",
        "nco": "Ligustro",
        "clf": "Ligustro",
        "sta": null,
        "vta": null,
        "uve": null,
        "npl": null,
        "epl": null,
        "alt": 3,
        "dmt": 20,
        "inc": null,
        "dir": "",
        "tar": "Arbolado lineal",
        "sag": "DG de Espacios Verdes y Arbolado"
      }
    },
    {
      "type": "Feature",
      "id": "arbolado_publico.fid--22daefbc_19dc07f98be_-354d",
      "geometry": {
        "type": "Point",
        "coordinates": [-58.38274296, -34.60316537]
      },
      "geometry_name": "geom",
      "properties": {
        "id": 62973,
        "gna": "Árbol",
        "nam": "Eucalyptus Sideroxylon",
        "nco": "Eucalipto Sideroxylon",
        "clf": "Otro",
        "sta": null,
        "vta": null,
        "uve": null,
        "npl": null,
        "epl": null,
        "alt": 4,
        "dmt": 14,
        "inc": null,
        "dir": "",
        "tar": "Arbolado lineal",
        "sag": "DG de Espacios Verdes y Arbolado"
      }
    },
    {
      "type": "Feature",
      "id": "arbolado_publico.fid--22daefbc_19dc07f98be_-354c",
      "geometry": {
        "type": "Point",
        "coordinates": [-58.38324721, -34.60288041]
      },
      "geometry_name": "geom",
      "properties": {
        "id": 68861,
        "gna": "Árbol",
        "nam": "Tecoma Stans",
        "nco": "Guaran Amarillo",
        "clf": "Otro",
        "sta": null,
        "vta": null,
        "uve": null,
        "npl": null,
        "epl": null,
        "alt": 6,
        "dmt": 18,
        "inc": null,
        "dir": "",
        "tar": "Arbolado lineal",
        "sag": "DG de Espacios Verdes y Arbolado"
      }
    },
    {
      "type": "Feature",
      "id": "arbolado_publico.fid--22daefbc_19dc07f98be_-354b",
      "geometry": {
        "type": "Point",
        "coordinates": [-58.3831003, -34.60295378]
      },
      "geometry_name": "geom",
      "properties": {
        "id": 68862,
        "gna": "Árbol",
        "nam": "Tecoma Stans",
        "nco": "Guaran Amarillo",
        "clf": "Otro",
        "sta": null,
        "vta": null,
        "uve": null,
        "npl": null,
        "epl": null,
        "alt": 6,
        "dmt": 18,
        "inc": null,
        "dir": "",
        "tar": "Arbolado lineal",
        "sag": "DG de Espacios Verdes y Arbolado"
      }
    },
    {
      "type": "Feature",
      "id": "arbolado_publico.fid--22daefbc_19dc07f98be_-354a",
      "geometry": {
        "type": "Point",
        "coordinates": [-58.38280194, -34.6031637]
      },
      "geometry_name": "geom",
      "properties": {
        "id": 68929,
        "gna": "Árbol",
        "nam": "Tecoma Stans",
        "nco": "Guaran Amarillo",
        "clf": "Otro",
        "sta": null,
        "vta": null,
        "uve": null,
        "npl": null,
        "epl": null,
        "alt": 2,
        "dmt": 5,
        "inc": null,
        "dir": "",
        "tar": "Arbolado lineal",
        "sag": "DG de Espacios Verdes y Arbolado"
      }
    },
    {
      "type": "Feature",
      "id": "arbolado_publico.fid--22daefbc_19dc07f98be_-3549",
      "geometry": {
        "type": "Point",
        "coordinates": [-58.38305402, -34.60301423]
      },
      "geometry_name": "geom",
      "properties": {
        "id": 68930,
        "gna": "Árbol",
        "nam": "Tecoma Stans",
        "nco": "Guaran Amarillo",
        "clf": "Otro",
        "sta": null,
        "vta": null,
        "uve": null,
        "npl": null,
        "epl": null,
        "alt": 5,
        "dmt": 12,
        "inc": null,
        "dir": "",
        "tar": "Arbolado lineal",
        "sag": "DG de Espacios Verdes y Arbolado"
      }
    },
    {
      "type": "Feature",
      "id": "arbolado_publico.fid--22daefbc_19dc07f98be_-3548",
      "geometry": {
        "type": "Point",
        "coordinates": [-58.38270983, -34.60315796]
      },
      "geometry_name": "geom",
      "properties": {
        "id": 68935,
        "gna": "Árbol",
        "nam": "Tecoma Stans",
        "nco": "Guaran Amarillo",
        "clf": "Otro",
        "sta": null,
        "vta": null,
        "uve": null,
        "npl": null,
        "epl": null,
        "alt": 2,
        "dmt": 8,
        "inc": null,
        "dir": "",
        "tar": "Arbolado lineal",
        "sag": "DG de Espacios Verdes y Arbolado"
      }
    },
    {
      "type": "Feature",
      "id": "arbolado_publico.fid--22daefbc_19dc07f98be_-3547",
      "geometry": {
        "type": "Point",
        "coordinates": [-58.38281563, -34.60310368]
      },
      "geometry_name": "geom",
      "properties": {
        "id": 68944,
        "gna": "Árbol",
        "nam": "Tecoma Stans",
        "nco": "Guaran Amarillo",
        "clf": "Otro",
        "sta": null,
        "vta": null,
        "uve": null,
        "npl": null,
        "epl": null,
        "alt": 4,
        "dmt": 12,
        "inc": null,
        "dir": "",
        "tar": "Arbolado lineal",
        "sag": "DG de Espacios Verdes y Arbolado"
      }
    },
    {
      "type": "Feature",
      "id": "arbolado_publico.fid--22daefbc_19dc07f98be_-3546",
      "geometry": {
        "type": "Point",
        "coordinates": [-58.38332765, -34.60289867]
      },
      "geometry_name": "geom",
      "properties": {
        "id": 68946,
        "gna": "Árbol",
        "nam": "Tecoma Stans",
        "nco": "Guaran Amarillo",
        "clf": "Otro",
        "sta": null,
        "vta": null,
        "uve": null,
        "npl": null,
        "epl": null,
        "alt": 3,
        "dmt": 6,
        "inc": null,
        "dir": "",
        "tar": "Arbolado lineal",
        "sag": "DG de Espacios Verdes y Arbolado"
      }
    },
    {
      "type": "Feature",
      "id": "arbolado_publico.fid--22daefbc_19dc07f98be_-3545",
      "geometry": {
        "type": "Point",
        "coordinates": [-58.38413382, -34.60231733]
      },
      "geometry_name": "geom",
      "properties": {
        "id": 75306,
        "gna": "Árbol",
        "nam": "Quercus Robur",
        "nco": "Roble Comun",
        "clf": "Otro",
        "sta": null,
        "vta": null,
        "uve": null,
        "npl": null,
        "epl": null,
        "alt": 12,
        "dmt": 74,
        "inc": null,
        "dir": "",
        "tar": "Arbolado lineal",
        "sag": "DG de Espacios Verdes y Arbolado"
      }
    },
    {
      "type": "Feature",
      "id": "arbolado_publico.fid--22daefbc_19dc07f98be_-3544",
      "geometry": {
        "type": "Point",
        "coordinates": [-58.38022811, -34.60522452]
      },
      "geometry_name": "geom",
      "properties": {
        "id": 83795,
        "gna": "Árbol",
        "nam": "Ligustrum Lucidum F. Aureovariegata",
        "nco": "Ligustro Variegado",
        "clf": "Ligustro",
        "sta": "Balanceada",
        "vta": "Vital",
        "uve": "Regular",
        "npl": "Bajo Nivel",
        "epl": "Ocupada",
        "alt": 5,
        "dmt": 4,
        "inc": 10,
        "dir": "Carabelas 275",
        "tar": "Arbolado lineal",
        "sag": "DG de Espacios Verdes y Arbolado"
      }
    },
    {
      "type": "Feature",
      "id": "arbolado_publico.fid--22daefbc_19dc07f98be_-3543",
      "geometry": {
        "type": "Point",
        "coordinates": [-58.38200978, -34.60490571]
      },
      "geometry_name": "geom",
      "properties": {
        "id": 84265,
        "gna": "Árbol",
        "nam": "Jacaranda Mimosifolia",
        "nco": "Jacaranda",
        "clf": "Jacaranda",
        "sta": null,
        "vta": null,
        "uve": null,
        "npl": null,
        "epl": null,
        "alt": 20,
        "dmt": 50,
        "inc": null,
        "dir": "",
        "tar": "Arbolado lineal",
        "sag": "DG de Espacios Verdes y Arbolado"
      }
    },
    {
      "type": "Feature",
      "id": "arbolado_publico.fid--22daefbc_19dc07f98be_-3542",
      "geometry": {
        "type": "Point",
        "coordinates": [-58.38104205, -34.60478175]
      },
      "geometry_name": "geom",
      "properties": {
        "id": 84283,
        "gna": "Árbol",
        "nam": "Jacaranda Mimosifolia",
        "nco": "Jacaranda",
        "clf": "Jacaranda",
        "sta": null,
        "vta": null,
        "uve": null,
        "npl": null,
        "epl": null,
        "alt": 4,
        "dmt": 20,
        "inc": null,
        "dir": "",
        "tar": "Arbolado lineal",
        "sag": "DG de Espacios Verdes y Arbolado"
      }
    },
    {
      "type": "Feature",
      "id": "arbolado_publico.fid--22daefbc_19dc07f98be_-3541",
      "geometry": {
        "type": "Point",
        "coordinates": [-58.38094368, -34.605695]
      },
      "geometry_name": "geom",
      "properties": {
        "id": 84472,
        "gna": "Árbol",
        "nam": "Jacaranda Mimosifolia",
        "nco": "Jacaranda",
        "clf": "Jacaranda",
        "sta": null,
        "vta": null,
        "uve": null,
        "npl": null,
        "epl": null,
        "alt": 5,
        "dmt": 15,
        "inc": null,
        "dir": "",
        "tar": "Arbolado lineal",
        "sag": "DG de Espacios Verdes y Arbolado"
      }
    },
    {
      "type": "Feature",
      "id": "arbolado_publico.fid--22daefbc_19dc07f98be_-3540",
      "geometry": {
        "type": "Point",
        "coordinates": [-58.38116502, -34.60178929]
      },
      "geometry_name": "geom",
      "properties": {
        "id": 84743,
        "gna": "Árbol",
        "nam": "Jacaranda Mimosifolia",
        "nco": "Jacaranda",
        "clf": "Jacaranda",
        "sta": null,
        "vta": null,
        "uve": null,
        "npl": null,
        "epl": null,
        "alt": 14,
        "dmt": 35,
        "inc": null,
        "dir": "",
        "tar": "Arbolado lineal",
        "sag": "DG de Espacios Verdes y Arbolado"
      }
    },
    {
      "type": "Feature",
      "id": "arbolado_publico.fid--22daefbc_19dc07f98be_-353f",
      "geometry": {
        "type": "Point",
        "coordinates": [-58.38415064, -34.60205268]
      },
      "geometry_name": "geom",
      "properties": {
        "id": 85191,
        "gna": "Árbol",
        "nam": "Jacaranda Mimosifolia",
        "nco": "Jacaranda",
        "clf": "Jacaranda",
        "sta": null,
        "vta": null,
        "uve": null,
        "npl": null,
        "epl": null,
        "alt": 13,
        "dmt": 75,
        "inc": null,
        "dir": "",
        "tar": "Arbolado lineal",
        "sag": "DG de Espacios Verdes y Arbolado"
      }
    },
    {
      "type": "Feature",
      "id": "arbolado_publico.fid--22daefbc_19dc07f98be_-353e",
      "geometry": {
        "type": "Point",
        "coordinates": [-58.38138738, -34.60159636]
      },
      "geometry_name": "geom",
      "properties": {
        "id": 85308,
        "gna": "Árbol",
        "nam": "Jacaranda Mimosifolia",
        "nco": "Jacaranda",
        "clf": "Jacaranda",
        "sta": null,
        "vta": null,
        "uve": null,
        "npl": null,
        "epl": null,
        "alt": 21,
        "dmt": 58,
        "inc": null,
        "dir": "",
        "tar": "Arbolado lineal",
        "sag": "DG de Espacios Verdes y Arbolado"
      }
    },
    {
      "type": "Feature",
      "id": "arbolado_publico.fid--22daefbc_19dc07f98be_-353d",
      "geometry": {
        "type": "Point",
        "coordinates": [-58.38201506, -34.60485163]
      },
      "geometry_name": "geom",
      "properties": {
        "id": 86186,
        "gna": "Árbol",
        "nam": "Jacaranda Mimosifolia",
        "nco": "Jacaranda",
        "clf": "Jacaranda",
        "sta": null,
        "vta": null,
        "uve": null,
        "npl": null,
        "epl": null,
        "alt": 20,
        "dmt": 30,
        "inc": null,
        "dir": "",
        "tar": "Arbolado lineal",
        "sag": "DG de Espacios Verdes y Arbolado"
      }
    },
    {
      "type": "Feature",
      "id": "arbolado_publico.fid--22daefbc_19dc07f98be_-353c",
      "geometry": {
        "type": "Point",
        "coordinates": [-58.38199563, -34.6058851]
      },
      "geometry_name": "geom",
      "properties": {
        "id": 86325,
        "gna": "Árbol",
        "nam": "Jacaranda Mimosifolia",
        "nco": "Jacaranda",
        "clf": "Jacaranda",
        "sta": null,
        "vta": null,
        "uve": null,
        "npl": null,
        "epl": null,
        "alt": 13,
        "dmt": 32,
        "inc": null,
        "dir": "",
        "tar": "Arbolado lineal",
        "sag": "DG de Espacios Verdes y Arbolado"
      }
    },
    {
      "type": "Feature",
      "id": "arbolado_publico.fid--22daefbc_19dc07f98be_-353b",
      "geometry": {
        "type": "Point",
        "coordinates": [-58.38201027, -34.60596317]
      },
      "geometry_name": "geom",
      "properties": {
        "id": 86326,
        "gna": "Árbol",
        "nam": "Jacaranda Mimosifolia",
        "nco": "Jacaranda",
        "clf": "Jacaranda",
        "sta": null,
        "vta": null,
        "uve": null,
        "npl": null,
        "epl": null,
        "alt": 12,
        "dmt": 30,
        "inc": null,
        "dir": "",
        "tar": "Arbolado lineal",
        "sag": "DG de Espacios Verdes y Arbolado"
      }
    },
    {
      "type": "Feature",
      "id": "arbolado_publico.fid--22daefbc_19dc07f98be_-353a",
      "geometry": {
        "type": "Point",
        "coordinates": [-58.38093736, -34.60580164]
      },
      "geometry_name": "geom",
      "properties": {
        "id": 86477,
        "gna": "Árbol",
        "nam": "Jacaranda Mimosifolia",
        "nco": "Jacaranda",
        "clf": "Jacaranda",
        "sta": null,
        "vta": null,
        "uve": null,
        "npl": null,
        "epl": null,
        "alt": 4,
        "dmt": 10,
        "inc": null,
        "dir": "",
        "tar": "Arbolado lineal",
        "sag": "DG de Espacios Verdes y Arbolado"
      }
    },
    {
      "type": "Feature",
      "id": "arbolado_publico.fid--22daefbc_19dc07f98be_-3539",
      "geometry": {
        "type": "Point",
        "coordinates": [-58.3811633, -34.60187222]
      },
      "geometry_name": "geom",
      "properties": {
        "id": 86768,
        "gna": "Árbol",
        "nam": "Jacaranda Mimosifolia",
        "nco": "Jacaranda",
        "clf": "Jacaranda",
        "sta": null,
        "vta": null,
        "uve": null,
        "npl": null,
        "epl": null,
        "alt": 14,
        "dmt": 36,
        "inc": null,
        "dir": "",
        "tar": "Arbolado lineal",
        "sag": "DG de Espacios Verdes y Arbolado"
      }
    },
    {
      "type": "Feature",
      "id": "arbolado_publico.fid--22daefbc_19dc07f98be_-3538",
      "geometry": {
        "type": "Point",
        "coordinates": [-58.38117508, -34.60153672]
      },
      "geometry_name": "geom",
      "properties": {
        "id": 86769,
        "gna": "Árbol",
        "nam": "Jacaranda Mimosifolia",
        "nco": "Jacaranda",
        "clf": "Jacaranda",
        "sta": null,
        "vta": null,
        "uve": null,
        "npl": null,
        "epl": null,
        "alt": 5,
        "dmt": 8,
        "inc": null,
        "dir": "",
        "tar": "Arbolado lineal",
        "sag": "DG de Espacios Verdes y Arbolado"
      }
    },
    {
      "type": "Feature",
      "id": "arbolado_publico.fid--22daefbc_19dc07f98be_-3537",
      "geometry": {
        "type": "Point",
        "coordinates": [-58.38135315, -34.602149]
      },
      "geometry_name": "geom",
      "properties": {
        "id": 87287,
        "gna": "Árbol",
        "nam": "Jacaranda Mimosifolia",
        "nco": "Jacaranda",
        "clf": "Jacaranda",
        "sta": null,
        "vta": null,
        "uve": null,
        "npl": null,
        "epl": null,
        "alt": 6,
        "dmt": 22,
        "inc": null,
        "dir": "",
        "tar": "Arbolado lineal",
        "sag": "DG de Espacios Verdes y Arbolado"
      }
    },
    {
      "type": "Feature",
      "id": "arbolado_publico.fid--22daefbc_19dc07f98be_-3536",
      "geometry": {
        "type": "Point",
        "coordinates": [-58.38116673, -34.60171574]
      },
      "geometry_name": "geom",
      "properties": {
        "id": 87401,
        "gna": "Árbol",
        "nam": "Jacaranda Mimosifolia",
        "nco": "Jacaranda",
        "clf": "Jacaranda",
        "sta": null,
        "vta": null,
        "uve": null,
        "npl": null,
        "epl": null,
        "alt": 15,
        "dmt": 42,
        "inc": null,
        "dir": "",
        "tar": "Arbolado lineal",
        "sag": "DG de Espacios Verdes y Arbolado"
      }
    },
    {
      "type": "Feature",
      "id": "arbolado_publico.fid--22daefbc_19dc07f98be_-3535",
      "geometry": {
        "type": "Point",
        "coordinates": [-58.38093948, -34.60575477]
      },
      "geometry_name": "geom",
      "properties": {
        "id": 87585,
        "gna": "Árbol",
        "nam": "Jacaranda Mimosifolia",
        "nco": "Jacaranda",
        "clf": "Jacaranda",
        "sta": null,
        "vta": null,
        "uve": null,
        "npl": null,
        "epl": null,
        "alt": 5,
        "dmt": 15,
        "inc": null,
        "dir": "",
        "tar": "Arbolado lineal",
        "sag": "DG de Espacios Verdes y Arbolado"
      }
    },
    {
      "type": "Feature",
      "id": "arbolado_publico.fid--22daefbc_19dc07f98be_-3534",
      "geometry": {
        "type": "Point",
        "coordinates": [-58.38201167, -34.60564731]
      },
      "geometry_name": "geom",
      "properties": {
        "id": 87669,
        "gna": "Árbol",
        "nam": "Jacaranda Mimosifolia",
        "nco": "Jacaranda",
        "clf": "Jacaranda",
        "sta": null,
        "vta": null,
        "uve": null,
        "npl": null,
        "epl": null,
        "alt": 12,
        "dmt": 42,
        "inc": null,
        "dir": "",
        "tar": "Arbolado lineal",
        "sag": "DG de Espacios Verdes y Arbolado"
      }
    },
    {
      "type": "Feature",
      "id": "arbolado_publico.fid--22daefbc_19dc07f98be_-3533",
      "geometry": {
        "type": "Point",
        "coordinates": [-58.38104684, -34.60467052]
      },
      "geometry_name": "geom",
      "properties": {
        "id": 87698,
        "gna": "Árbol",
        "nam": "Jacaranda Mimosifolia",
        "nco": "Jacaranda",
        "clf": "Jacaranda",
        "sta": null,
        "vta": null,
        "uve": null,
        "npl": null,
        "epl": null,
        "alt": 4,
        "dmt": 20,
        "inc": null,
        "dir": "",
        "tar": "Arbolado lineal",
        "sag": "DG de Espacios Verdes y Arbolado"
      }
    },
    {
      "type": "Feature",
      "id": "arbolado_publico.fid--22daefbc_19dc07f98be_-3532",
      "geometry": {
        "type": "Point",
        "coordinates": [-58.38201164, -34.60478862]
      },
      "geometry_name": "geom",
      "properties": {
        "id": 87710,
        "gna": "Árbol",
        "nam": "Jacaranda Mimosifolia",
        "nco": "Jacaranda",
        "clf": "Jacaranda",
        "sta": null,
        "vta": null,
        "uve": null,
        "npl": null,
        "epl": null,
        "alt": 20,
        "dmt": 70,
        "inc": null,
        "dir": "",
        "tar": "Arbolado lineal",
        "sag": "DG de Espacios Verdes y Arbolado"
      }
    },
    {
      "type": "Feature",
      "id": "arbolado_publico.fid--22daefbc_19dc07f98be_-3531",
      "geometry": {
        "type": "Point",
        "coordinates": [-58.38223432, -34.60168977]
      },
      "geometry_name": "geom",
      "properties": {
        "id": 88248,
        "gna": "Árbol",
        "nam": "Jacaranda Mimosifolia",
        "nco": "Jacaranda",
        "clf": "Jacaranda",
        "sta": null,
        "vta": null,
        "uve": null,
        "npl": null,
        "epl": null,
        "alt": 5,
        "dmt": 5,
        "inc": null,
        "dir": "",
        "tar": "Arbolado lineal",
        "sag": "DG de Espacios Verdes y Arbolado"
      }
    },
    {
      "type": "Feature",
      "id": "arbolado_publico.fid--22daefbc_19dc07f98be_-3530",
      "geometry": {
        "type": "Point",
        "coordinates": [-58.38223945, -34.60179109]
      },
      "geometry_name": "geom",
      "properties": {
        "id": 88249,
        "gna": "Árbol",
        "nam": "Jacaranda Mimosifolia",
        "nco": "Jacaranda",
        "clf": "Jacaranda",
        "sta": null,
        "vta": null,
        "uve": null,
        "npl": null,
        "epl": null,
        "alt": 7,
        "dmt": 15,
        "inc": null,
        "dir": "",
        "tar": "Arbolado lineal",
        "sag": "DG de Espacios Verdes y Arbolado"
      }
    },
    {
      "type": "Feature",
      "id": "arbolado_publico.fid--22daefbc_19dc07f98be_-352f",
      "geometry": {
        "type": "Point",
        "coordinates": [-58.38223578, -34.60186293]
      },
      "geometry_name": "geom",
      "properties": {
        "id": 88250,
        "gna": "Árbol",
        "nam": "Jacaranda Mimosifolia",
        "nco": "Jacaranda",
        "clf": "Jacaranda",
        "sta": null,
        "vta": null,
        "uve": null,
        "npl": null,
        "epl": null,
        "alt": 13,
        "dmt": 35,
        "inc": null,
        "dir": "",
        "tar": "Arbolado lineal",
        "sag": "DG de Espacios Verdes y Arbolado"
      }
    },
    {
      "type": "Feature",
      "id": "arbolado_publico.fid--22daefbc_19dc07f98be_-352e",
      "geometry": {
        "type": "Point",
        "coordinates": [-58.38094788, -34.60564173]
      },
      "geometry_name": "geom",
      "properties": {
        "id": 88423,
        "gna": "Árbol",
        "nam": "Jacaranda Mimosifolia",
        "nco": "Jacaranda",
        "clf": "Jacaranda",
        "sta": null,
        "vta": null,
        "uve": null,
        "npl": null,
        "epl": null,
        "alt": 5,
        "dmt": 10,
        "inc": null,
        "dir": "",
        "tar": "Arbolado lineal",
        "sag": "DG de Espacios Verdes y Arbolado"
      }
    },
    {
      "type": "Feature",
      "id": "arbolado_publico.fid--22daefbc_19dc07f98be_-352d",
      "geometry": {
        "type": "Point",
        "coordinates": [-58.38200028, -34.60580992]
      },
      "geometry_name": "geom",
      "properties": {
        "id": 88511,
        "gna": "Árbol",
        "nam": "Jacaranda Mimosifolia",
        "nco": "Jacaranda",
        "clf": "Jacaranda",
        "sta": null,
        "vta": null,
        "uve": null,
        "npl": null,
        "epl": null,
        "alt": 12,
        "dmt": 28,
        "inc": null,
        "dir": "",
        "tar": "Arbolado lineal",
        "sag": "DG de Espacios Verdes y Arbolado"
      }
    },
    {
      "type": "Feature",
      "id": "arbolado_publico.fid--22daefbc_19dc07f98be_-352c",
      "geometry": {
        "type": "Point",
        "coordinates": [-58.38238491, -34.60336636]
      },
      "geometry_name": "geom",
      "properties": {
        "id": 94180,
        "gna": "Árbol",
        "nam": "Jacaranda Mimosifolia",
        "nco": "Jacaranda",
        "clf": "Jacaranda",
        "sta": "Desbalanceada",
        "vta": "Vital",
        "uve": "Regular",
        "npl": "Bajo Nivel",
        "epl": "Ocupada",
        "alt": 9,
        "dmt": 19,
        "inc": 15,
        "dir": "Saenz Peña, Roque, Pres. Diagonal Norte Av. 1102",
        "tar": "Arbolado lineal",
        "sag": "DG de Espacios Verdes y Arbolado"
      }
    },
    {
      "type": "Feature",
      "id": "arbolado_publico.fid--22daefbc_19dc07f98be_-352b",
      "geometry": {
        "type": "Point",
        "coordinates": [-58.38247638, -34.60332391]
      },
      "geometry_name": "geom",
      "properties": {
        "id": 94182,
        "gna": "Árbol",
        "nam": "Jacaranda Mimosifolia",
        "nco": "Jacaranda",
        "clf": "Jacaranda",
        "sta": "Desbalanceada",
        "vta": "Vital",
        "uve": "Regular",
        "npl": "Bajo Nivel",
        "epl": "Ocupada",
        "alt": 9,
        "dmt": 36,
        "inc": 12,
        "dir": "Saenz Peña, Roque, Pres. Diagonal Norte Av. 1110",
        "tar": "Arbolado lineal",
        "sag": "DG de Espacios Verdes y Arbolado"
      }
    },
    {
      "type": "Feature",
      "id": "arbolado_publico.fid--22daefbc_19dc07f98be_-352a",
      "geometry": {
        "type": "Point",
        "coordinates": [-58.38242455, -34.60320325]
      },
      "geometry_name": "geom",
      "properties": {
        "id": 94183,
        "gna": "Árbol",
        "nam": "Jacaranda Mimosifolia",
        "nco": "Jacaranda",
        "clf": "Jacaranda",
        "sta": "Desbalanceada",
        "vta": "Vital",
        "uve": "Ochava",
        "npl": "Bajo Nivel",
        "epl": "Ocupada",
        "alt": 7,
        "dmt": 20,
        "inc": 15,
        "dir": "Saenz Peña, Roque, Pres. Diagonal Norte Av. 1111",
        "tar": "Arbolado lineal",
        "sag": "DG de Espacios Verdes y Arbolado"
      }
    },
    {
      "type": "Feature",
      "id": "arbolado_publico.fid--22daefbc_19dc07f98be_-3529",
      "geometry": {
        "type": "Point",
        "coordinates": [-58.38242455, -34.60320325]
      },
      "geometry_name": "geom",
      "properties": {
        "id": 94195,
        "gna": "Árbol",
        "nam": "Jacaranda Mimosifolia",
        "nco": "Jacaranda",
        "clf": "Jacaranda",
        "sta": "Balanceada - Bifurcada",
        "vta": "Vital",
        "uve": "Regular",
        "npl": "A Nivel",
        "epl": "Ocupada",
        "alt": 11,
        "dmt": 40,
        "inc": 15,
        "dir": "Saenz Peña, Roque, Pres. Diagonal Norte Av. 1111",
        "tar": "Arbolado lineal",
        "sag": "DG de Espacios Verdes y Arbolado"
      }
    },
    {
      "type": "Feature",
      "id": "arbolado_publico.fid--22daefbc_19dc07f98be_-3528",
      "geometry": {
        "type": "Point",
        "coordinates": [-58.38254498, -34.60329208]
      },
      "geometry_name": "geom",
      "properties": {
        "id": 94196,
        "gna": "Árbol",
        "nam": "Jacaranda Mimosifolia",
        "nco": "Jacaranda",
        "clf": "Jacaranda",
        "sta": "Balanceada - Multicaule",
        "vta": "Vital",
        "uve": "Regular",
        "npl": "A Nivel",
        "epl": "Ocupada",
        "alt": 8,
        "dmt": 24,
        "inc": 27,
        "dir": "Saenz Peña, Roque, Pres. Diagonal Norte Av. 1116",
        "tar": "Arbolado lineal",
        "sag": "DG de Espacios Verdes y Arbolado"
      }
    },
    {
      "type": "Feature",
      "id": "arbolado_publico.fid--22daefbc_19dc07f98be_-3527",
      "geometry": {
        "type": "Point",
        "coordinates": [-58.38251601, -34.6031608]
      },
      "geometry_name": "geom",
      "properties": {
        "id": 94198,
        "gna": "Árbol",
        "nam": "Jacaranda Mimosifolia",
        "nco": "Jacaranda",
        "clf": "Jacaranda",
        "sta": "Balanceada - Bifurcada",
        "vta": "Vital",
        "uve": "Regular",
        "npl": "Bajo Nivel",
        "epl": "Ocupada",
        "alt": 15,
        "dmt": 36,
        "inc": 17,
        "dir": "Saenz Peña, Roque, Pres. Diagonal Norte Av. 1119",
        "tar": "Arbolado lineal",
        "sag": "DG de Espacios Verdes y Arbolado"
      }
    },
    {
      "type": "Feature",
      "id": "arbolado_publico.fid--22daefbc_19dc07f98be_-3526",
      "geometry": {
        "type": "Point",
        "coordinates": [-58.38261358, -34.60326024]
      },
      "geometry_name": "geom",
      "properties": {
        "id": 94199,
        "gna": "Árbol",
        "nam": "Jacaranda Mimosifolia",
        "nco": "Jacaranda",
        "clf": "Jacaranda",
        "sta": "Balanceada - Bifurcada",
        "vta": "Vital",
        "uve": "Regular",
        "npl": "Bajo Nivel",
        "epl": "Ocupada",
        "alt": 6,
        "dmt": 18,
        "inc": null,
        "dir": "Saenz Peña, Roque, Pres. Diagonal Norte Av. 1122",
        "tar": "Arbolado lineal",
        "sag": "DG de Espacios Verdes y Arbolado"
      }
    },
    {
      "type": "Feature",
      "id": "arbolado_publico.fid--22daefbc_19dc07f98be_-3525",
      "geometry": {
        "type": "Point",
        "coordinates": [-58.38272791, -34.60320718]
      },
      "geometry_name": "geom",
      "properties": {
        "id": 94200,
        "gna": "Árbol",
        "nam": "Jacaranda Mimosifolia",
        "nco": "Jacaranda",
        "clf": "Jacaranda",
        "sta": "Balanceada - Bifurcada",
        "vta": "Vital",
        "uve": "Regular",
        "npl": "Bajo Nivel",
        "epl": "Ocupada",
        "alt": 12,
        "dmt": 46,
        "inc": null,
        "dir": "Saenz Peña, Roque, Pres. Diagonal Norte Av. 1132",
        "tar": "Arbolado lineal",
        "sag": "DG de Espacios Verdes y Arbolado"
      }
    },
    {
      "type": "Feature",
      "id": "arbolado_publico.fid--22daefbc_19dc07f98be_-3524",
      "geometry": {
        "type": "Point",
        "coordinates": [-58.38267608, -34.60308651]
      },
      "geometry_name": "geom",
      "properties": {
        "id": 94201,
        "gna": "Árbol",
        "nam": "Jacaranda Mimosifolia",
        "nco": "Jacaranda",
        "clf": "Jacaranda",
        "sta": "Balanceada - Bifurcada",
        "vta": "Vital",
        "uve": "Regular",
        "npl": "Bajo Nivel",
        "epl": "Ocupada",
        "alt": 7,
        "dmt": 16,
        "inc": 9,
        "dir": "Saenz Peña, Roque, Pres. Diagonal Norte Av. 1133",
        "tar": "Arbolado lineal",
        "sag": "DG de Espacios Verdes y Arbolado"
      }
    },
    {
      "type": "Feature",
      "id": "arbolado_publico.fid--22daefbc_19dc07f98be_-3523",
      "geometry": {
        "type": "Point",
        "coordinates": [-58.38281938, -34.60316473]
      },
      "geometry_name": "geom",
      "properties": {
        "id": 94202,
        "gna": "Árbol",
        "nam": "Jacaranda Mimosifolia",
        "nco": "Jacaranda",
        "clf": "Jacaranda",
        "sta": "Balanceada - Bifurcada",
        "vta": "Vital",
        "uve": "Regular",
        "npl": "Bajo Nivel",
        "epl": "Ocupada",
        "alt": 9,
        "dmt": 18,
        "inc": 36,
        "dir": "Saenz Peña, Roque, Pres. Diagonal Norte Av. 1140",
        "tar": "Arbolado lineal",
        "sag": "DG de Espacios Verdes y Arbolado"
      }
    },
    {
      "type": "Feature",
      "id": "arbolado_publico.fid--22daefbc_19dc07f98be_-3522",
      "geometry": {
        "type": "Point",
        "coordinates": [-58.38281328, -34.60302284]
      },
      "geometry_name": "geom",
      "properties": {
        "id": 94203,
        "gna": "Árbol",
        "nam": "Jacaranda Mimosifolia",
        "nco": "Jacaranda",
        "clf": "Jacaranda",
        "sta": "Desbalanceada",
        "vta": "Vital",
        "uve": "Regular",
        "npl": "Bajo Nivel",
        "epl": "Ocupada",
        "alt": 17,
        "dmt": 55,
        "inc": 15,
        "dir": "Saenz Peña, Roque, Pres. Diagonal Norte Av. 1145",
        "tar": "Arbolado lineal",
        "sag": "DG de Espacios Verdes y Arbolado"
      }
    },
    {
      "type": "Feature",
      "id": "arbolado_publico.fid--22daefbc_19dc07f98be_-3521",
      "geometry": {
        "type": "Point",
        "coordinates": [-58.38285901, -34.60300162]
      },
      "geometry_name": "geom",
      "properties": {
        "id": 94204,
        "gna": "Árbol",
        "nam": "Jacaranda Mimosifolia",
        "nco": "Jacaranda",
        "clf": "Jacaranda",
        "sta": "Desbalanceada",
        "vta": "Vital",
        "uve": "Regular",
        "npl": "Bajo Nivel",
        "epl": "Ocupada",
        "alt": 9,
        "dmt": 19,
        "inc": 33,
        "dir": "Saenz Peña, Roque, Pres. Diagonal Norte Av. 1149",
        "tar": "Arbolado lineal",
        "sag": "DG de Espacios Verdes y Arbolado"
      }
    },
    {
      "type": "Feature",
      "id": "arbolado_publico.fid--22daefbc_19dc07f98be_-3520",
      "geometry": {
        "type": "Point",
        "coordinates": [-58.38304804, -34.6030586]
      },
      "geometry_name": "geom",
      "properties": {
        "id": 94205,
        "gna": "Árbol",
        "nam": "Jacaranda Mimosifolia",
        "nco": "Jacaranda",
        "clf": "Jacaranda",
        "sta": "Desbalanceada",
        "vta": "Vital",
        "uve": "Regular",
        "npl": "Bajo Nivel",
        "epl": "Ocupada",
        "alt": 8,
        "dmt": 17,
        "inc": 10,
        "dir": "Saenz Peña, Roque, Pres. Diagonal Norte Av. 1160",
        "tar": "Arbolado lineal",
        "sag": "DG de Espacios Verdes y Arbolado"
      }
    },
    {
      "type": "Feature",
      "id": "arbolado_publico.fid--22daefbc_19dc07f98be_-351f",
      "geometry": {
        "type": "Point",
        "coordinates": [-58.38304804, -34.6030586]
      },
      "geometry_name": "geom",
      "properties": {
        "id": 94206,
        "gna": "Árbol",
        "nam": "Jacaranda Mimosifolia",
        "nco": "Jacaranda",
        "clf": "Jacaranda",
        "sta": "Balanceada - Bifurcada",
        "vta": "Vital",
        "uve": "Regular",
        "npl": "Bajo Nivel",
        "epl": "Ocupada",
        "alt": 15,
        "dmt": 50,
        "inc": 11,
        "dir": "Saenz Peña, Roque, Pres. Diagonal Norte Av. 1160",
        "tar": "Arbolado lineal",
        "sag": "DG de Espacios Verdes y Arbolado"
      }
    },
    {
      "type": "Feature",
      "id": "arbolado_publico.fid--22daefbc_19dc07f98be_-351e",
      "geometry": {
        "type": "Point",
        "coordinates": [-58.38309378, -34.60303738]
      },
      "geometry_name": "geom",
      "properties": {
        "id": 94208,
        "gna": "Árbol",
        "nam": "Jacaranda Mimosifolia",
        "nco": "Jacaranda",
        "clf": "Jacaranda",
        "sta": "Balanceada - Bifurcada",
        "vta": "Vital",
        "uve": "Regular",
        "npl": "Bajo Nivel",
        "epl": "Ocupada",
        "alt": 13,
        "dmt": 45,
        "inc": 10,
        "dir": "Saenz Peña, Roque, Pres. Diagonal Norte Av. 1164",
        "tar": "Arbolado lineal",
        "sag": "DG de Espacios Verdes y Arbolado"
      }
    },
    {
      "type": "Feature",
      "id": "arbolado_publico.fid--22daefbc_19dc07f98be_-351d",
      "geometry": {
        "type": "Point",
        "coordinates": [-58.38311054, -34.60288488]
      },
      "geometry_name": "geom",
      "properties": {
        "id": 94209,
        "gna": "Árbol",
        "nam": "Jacaranda Mimosifolia",
        "nco": "Jacaranda",
        "clf": "Jacaranda",
        "sta": "Balanceada - Bifurcada",
        "vta": "Vital",
        "uve": "Regular",
        "npl": "Bajo Nivel",
        "epl": "Ocupada",
        "alt": 7,
        "dmt": 20,
        "inc": 33,
        "dir": "Saenz Peña, Roque, Pres. Diagonal Norte Av. 1171",
        "tar": "Arbolado lineal",
        "sag": "DG de Espacios Verdes y Arbolado"
      }
    },
    {
      "type": "Feature",
      "id": "arbolado_publico.fid--22daefbc_19dc07f98be_-351c",
      "geometry": {
        "type": "Point",
        "coordinates": [-58.38318524, -34.60299493]
      },
      "geometry_name": "geom",
      "properties": {
        "id": 94210,
        "gna": "Árbol",
        "nam": "Jacaranda Mimosifolia",
        "nco": "Jacaranda",
        "clf": "Jacaranda",
        "sta": "Balanceada - Bifurcada",
        "vta": "Vital",
        "uve": "Regular",
        "npl": "Bajo Nivel",
        "epl": "Ocupada",
        "alt": 10,
        "dmt": 23,
        "inc": 5,
        "dir": "Saenz Peña, Roque, Pres. Diagonal Norte Av. 1172",
        "tar": "Arbolado lineal",
        "sag": "DG de Espacios Verdes y Arbolado"
      }
    },
    {
      "type": "Feature",
      "id": "arbolado_publico.fid--22daefbc_19dc07f98be_-351b",
      "geometry": {
        "type": "Point",
        "coordinates": [-58.38325384, -34.60296309]
      },
      "geometry_name": "geom",
      "properties": {
        "id": 94212,
        "gna": "Árbol",
        "nam": "Jacaranda Mimosifolia",
        "nco": "Jacaranda",
        "clf": "Jacaranda",
        "sta": "Balanceada - Bifurcada",
        "vta": "Vital",
        "uve": "Regular",
        "npl": "A Nivel",
        "epl": "Ocupada",
        "alt": 14,
        "dmt": 47,
        "inc": 17,
        "dir": "Saenz Peña, Roque, Pres. Diagonal Norte Av. 1178",
        "tar": "Arbolado lineal",
        "sag": "DG de Espacios Verdes y Arbolado"
      }
    },
    {
      "type": "Feature",
      "id": "arbolado_publico.fid--22daefbc_19dc07f98be_-351a",
      "geometry": {
        "type": "Point",
        "coordinates": [-58.38332244, -34.60293125]
      },
      "geometry_name": "geom",
      "properties": {
        "id": 94214,
        "gna": "Árbol",
        "nam": "Jacaranda Mimosifolia",
        "nco": "Jacaranda",
        "clf": "Jacaranda",
        "sta": "Balanceada - Bifurcada",
        "vta": "Vital",
        "uve": "Regular",
        "npl": "Bajo Nivel",
        "epl": "Ocupada",
        "alt": 13,
        "dmt": 40,
        "inc": 22,
        "dir": "Saenz Peña, Roque, Pres. Diagonal Norte Av. 1184",
        "tar": "Arbolado lineal",
        "sag": "DG de Espacios Verdes y Arbolado"
      }
    },
    {
      "type": "Feature",
      "id": "arbolado_publico.fid--22daefbc_19dc07f98be_-3519",
      "geometry": {
        "type": "Point",
        "coordinates": [-58.38332244, -34.60293125]
      },
      "geometry_name": "geom",
      "properties": {
        "id": 94215,
        "gna": "Árbol",
        "nam": "Jacaranda Mimosifolia",
        "nco": "Jacaranda",
        "clf": "Jacaranda",
        "sta": "Desbalanceada",
        "vta": "Vital",
        "uve": "Regular",
        "npl": "Bajo Nivel",
        "epl": "Ocupada",
        "alt": 14,
        "dmt": 42,
        "inc": 9,
        "dir": "Saenz Peña, Roque, Pres. Diagonal Norte Av. 1184",
        "tar": "Arbolado lineal",
        "sag": "DG de Espacios Verdes y Arbolado"
      }
    },
    {
      "type": "Feature",
      "id": "arbolado_publico.fid--22daefbc_19dc07f98be_-3518",
      "geometry": {
        "type": "Point",
        "coordinates": [-58.38343677, -34.60287819]
      },
      "geometry_name": "geom",
      "properties": {
        "id": 94217,
        "gna": "Árbol",
        "nam": "Jacaranda Mimosifolia",
        "nco": "Jacaranda",
        "clf": "Jacaranda",
        "sta": "Desbalanceada",
        "vta": "Vital",
        "uve": "Regular",
        "npl": "Bajo Nivel",
        "epl": "Ocupada",
        "alt": 12,
        "dmt": 56,
        "inc": 15,
        "dir": "Saenz Peña, Roque, Pres. Diagonal Norte Av. 1194",
        "tar": "Arbolado lineal",
        "sag": "DG de Espacios Verdes y Arbolado"
      }
    },
    {
      "type": "Feature",
      "id": "arbolado_publico.fid--22daefbc_19dc07f98be_-3517",
      "geometry": {
        "type": "Point",
        "coordinates": [-58.38338494, -34.60275753]
      },
      "geometry_name": "geom",
      "properties": {
        "id": 94218,
        "gna": "Árbol",
        "nam": "Jacaranda Mimosifolia",
        "nco": "Jacaranda",
        "clf": "Jacaranda",
        "sta": "Desbalanceada",
        "vta": "Vital",
        "uve": "Regular",
        "npl": "Bajo Nivel",
        "epl": "Ocupada",
        "alt": 12,
        "dmt": 30,
        "inc": 5,
        "dir": "Saenz Peña, Roque, Pres. Diagonal Norte Av. 1195",
        "tar": "Arbolado lineal",
        "sag": "DG de Espacios Verdes y Arbolado"
      }
    },
    {
      "type": "Feature",
      "id": "arbolado_publico.fid--22daefbc_19dc07f98be_-3516",
      "geometry": {
        "type": "Point",
        "coordinates": [-58.37802488, -34.60555262]
      },
      "geometry_name": "geom",
      "properties": {
        "id": 94320,
        "gna": "Árbol",
        "nam": "Jacaranda Mimosifolia",
        "nco": "Jacaranda",
        "clf": "Jacaranda",
        "sta": "Balanceada - Bifurcada",
        "vta": "Vital",
        "uve": "Regular",
        "npl": "Bajo Nivel",
        "epl": "Ocupada",
        "alt": 9,
        "dmt": 22,
        "inc": null,
        "dir": "Saenz Peña, Roque, Pres. Diagonal Norte Av. 801",
        "tar": "Arbolado lineal",
        "sag": "DG de Espacios Verdes y Arbolado"
      }
    },
    {
      "type": "Feature",
      "id": "arbolado_publico.fid--22daefbc_19dc07f98be_-3515",
      "geometry": {
        "type": "Point",
        "coordinates": [-58.37810668, -34.60565916]
      },
      "geometry_name": "geom",
      "properties": {
        "id": 94321,
        "gna": "Árbol",
        "nam": "Jacaranda Mimosifolia",
        "nco": "Jacaranda",
        "clf": "Jacaranda",
        "sta": "Desbalanceada",
        "vta": "Vital",
        "uve": "Regular",
        "npl": "Bajo Nivel",
        "epl": "Ocupada",
        "alt": 5,
        "dmt": 23,
        "inc": 10,
        "dir": "Saenz Peña, Roque, Pres. Diagonal Norte Av. 802",
        "tar": "Arbolado lineal",
        "sag": "DG de Espacios Verdes y Arbolado"
      }
    },
    {
      "type": "Feature",
      "id": "arbolado_publico.fid--22daefbc_19dc07f98be_-3514",
      "geometry": {
        "type": "Point",
        "coordinates": [-58.37812469, -34.60550023]
      },
      "geometry_name": "geom",
      "properties": {
        "id": 94322,
        "gna": "Árbol",
        "nam": "Jacaranda Mimosifolia",
        "nco": "Jacaranda",
        "clf": "Jacaranda",
        "sta": "Desbalanceada",
        "vta": "Vital",
        "uve": "Regular",
        "npl": "A Nivel",
        "epl": "Ocupada",
        "alt": 9,
        "dmt": 18,
        "inc": 6,
        "dir": "Saenz Peña, Roque, Pres. Diagonal Norte Av. 809",
        "tar": "Arbolado lineal",
        "sag": "DG de Espacios Verdes y Arbolado"
      }
    },
    {
      "type": "Feature",
      "id": "arbolado_publico.fid--22daefbc_19dc07f98be_-3513",
      "geometry": {
        "type": "Point",
        "coordinates": [-58.37823144, -34.60559367]
      },
      "geometry_name": "geom",
      "properties": {
        "id": 94323,
        "gna": "Árbol",
        "nam": "Jacaranda Mimosifolia",
        "nco": "Jacaranda",
        "clf": "Jacaranda",
        "sta": "Balanceada - Bifurcada",
        "vta": "Vital",
        "uve": "Regular",
        "npl": "Bajo Nivel",
        "epl": "Ocupada",
        "alt": 12,
        "dmt": 30,
        "inc": null,
        "dir": "Saenz Peña, Roque, Pres. Diagonal Norte Av. 812",
        "tar": "Arbolado lineal",
        "sag": "DG de Espacios Verdes y Arbolado"
      }
    },
    {
      "type": "Feature",
      "id": "arbolado_publico.fid--22daefbc_19dc07f98be_-3512",
      "geometry": {
        "type": "Point",
        "coordinates": [-58.37848096, -34.6054627]
      },
      "geometry_name": "geom",
      "properties": {
        "id": 94324,
        "gna": "Árbol",
        "nam": "Jacaranda Mimosifolia",
        "nco": "Jacaranda",
        "clf": "Jacaranda",
        "sta": "Desbalanceada",
        "vta": "Vital",
        "uve": "Regular",
        "npl": "Bajo Nivel",
        "epl": "Ocupada",
        "alt": 10,
        "dmt": 22,
        "inc": 13,
        "dir": "Saenz Peña, Roque, Pres. Diagonal Norte Av. 832",
        "tar": "Arbolado lineal",
        "sag": "DG de Espacios Verdes y Arbolado"
      }
    },
    {
      "type": "Feature",
      "id": "arbolado_publico.fid--22daefbc_19dc07f98be_-3511",
      "geometry": {
        "type": "Point",
        "coordinates": [-58.37858077, -34.60541031]
      },
      "geometry_name": "geom",
      "properties": {
        "id": 94325,
        "gna": "Árbol",
        "nam": "Jacaranda Mimosifolia",
        "nco": "Jacaranda",
        "clf": "Jacaranda",
        "sta": "Balanceada - Bifurcada",
        "vta": "Vital",
        "uve": "Regular",
        "npl": "Bajo Nivel",
        "epl": "Ocupada",
        "alt": 12,
        "dmt": 27,
        "inc": 15,
        "dir": "Saenz Peña, Roque, Pres. Diagonal Norte Av. 840",
        "tar": "Arbolado lineal",
        "sag": "DG de Espacios Verdes y Arbolado"
      }
    },
    {
      "type": "Feature",
      "id": "arbolado_publico.fid--22daefbc_19dc07f98be_-3510",
      "geometry": {
        "type": "Point",
        "coordinates": [-58.37863067, -34.60538412]
      },
      "geometry_name": "geom",
      "properties": {
        "id": 94326,
        "gna": "Árbol",
        "nam": "Jacaranda Mimosifolia",
        "nco": "Jacaranda",
        "clf": "Jacaranda",
        "sta": "Balanceada - Bifurcada",
        "vta": "Vital",
        "uve": "Regular",
        "npl": "Bajo Nivel",
        "epl": "Ocupada",
        "alt": 12,
        "dmt": 29,
        "inc": 9,
        "dir": "Saenz Peña, Roque, Pres. Diagonal Norte Av. 844",
        "tar": "Arbolado lineal",
        "sag": "DG de Espacios Verdes y Arbolado"
      }
    },
    {
      "type": "Feature",
      "id": "arbolado_publico.fid--22daefbc_19dc07f98be_-350f",
      "geometry": {
        "type": "Point",
        "coordinates": [-58.37865562, -34.60537102]
      },
      "geometry_name": "geom",
      "properties": {
        "id": 94327,
        "gna": "Árbol",
        "nam": "Jacaranda Mimosifolia",
        "nco": "Jacaranda",
        "clf": "Jacaranda",
        "sta": "Balanceada - Bifurcada",
        "vta": "Vital",
        "uve": "Regular",
        "npl": "Bajo Nivel",
        "epl": "Ocupada",
        "alt": 11,
        "dmt": 23,
        "inc": 6,
        "dir": "Saenz Peña, Roque, Pres. Diagonal Norte Av. 846",
        "tar": "Arbolado lineal",
        "sag": "DG de Espacios Verdes y Arbolado"
      }
    },
    {
      "type": "Feature",
      "id": "arbolado_publico.fid--22daefbc_19dc07f98be_-350e",
      "geometry": {
        "type": "Point",
        "coordinates": [-58.37880533, -34.60529243]
      },
      "geometry_name": "geom",
      "properties": {
        "id": 94329,
        "gna": "Árbol",
        "nam": "Jacaranda Mimosifolia",
        "nco": "Jacaranda",
        "clf": "Jacaranda",
        "sta": "Desbalanceada",
        "vta": "Vital",
        "uve": "Regular",
        "npl": "Bajo Nivel",
        "epl": "Ocupada",
        "alt": 11,
        "dmt": 21,
        "inc": 16,
        "dir": "Saenz Peña, Roque, Pres. Diagonal Norte Av. 858",
        "tar": "Arbolado lineal",
        "sag": "DG de Espacios Verdes y Arbolado"
      }
    },
    {
      "type": "Feature",
      "id": "arbolado_publico.fid--22daefbc_19dc07f98be_-350d",
      "geometry": {
        "type": "Point",
        "coordinates": [-58.37888019, -34.60525314]
      },
      "geometry_name": "geom",
      "properties": {
        "id": 94332,
        "gna": "Árbol",
        "nam": "Jacaranda Mimosifolia",
        "nco": "Jacaranda",
        "clf": "Jacaranda",
        "sta": "Balanceada - Bifurcada",
        "vta": "Vital",
        "uve": "Regular",
        "npl": "A Nivel",
        "epl": "Ocupada",
        "alt": 14,
        "dmt": 52,
        "inc": 20,
        "dir": "Saenz Peña, Roque, Pres. Diagonal Norte Av. 864",
        "tar": "Arbolado lineal",
        "sag": "DG de Espacios Verdes y Arbolado"
      }
    },
    {
      "type": "Feature",
      "id": "arbolado_publico.fid--22daefbc_19dc07f98be_-350c",
      "geometry": {
        "type": "Point",
        "coordinates": [-58.37882334, -34.6051335]
      },
      "geometry_name": "geom",
      "properties": {
        "id": 94333,
        "gna": "Árbol",
        "nam": "Jacaranda Mimosifolia",
        "nco": "Jacaranda",
        "clf": "Jacaranda",
        "sta": "Desbalanceada",
        "vta": "Vital",
        "uve": "Regular",
        "npl": "Bajo Nivel",
        "epl": "Ocupada",
        "alt": 9,
        "dmt": 29,
        "inc": 15,
        "dir": "Saenz Peña, Roque, Pres. Diagonal Norte Av. 865",
        "tar": "Arbolado lineal",
        "sag": "DG de Espacios Verdes y Arbolado"
      }
    },
    {
      "type": "Feature",
      "id": "arbolado_publico.fid--22daefbc_19dc07f98be_-350b",
      "geometry": {
        "type": "Point",
        "coordinates": [-58.37893009, -34.60522694]
      },
      "geometry_name": "geom",
      "properties": {
        "id": 94334,
        "gna": "Árbol",
        "nam": "Jacaranda Mimosifolia",
        "nco": "Jacaranda",
        "clf": "Jacaranda",
        "sta": "Balanceada - Bifurcada",
        "vta": "Vital",
        "uve": "Regular",
        "npl": "Bajo Nivel",
        "epl": "Ocupada",
        "alt": 7,
        "dmt": 11,
        "inc": null,
        "dir": "Saenz Peña, Roque, Pres. Diagonal Norte Av. 868",
        "tar": "Arbolado lineal",
        "sag": "DG de Espacios Verdes y Arbolado"
      }
    },
    {
      "type": "Feature",
      "id": "arbolado_publico.fid--22daefbc_19dc07f98be_-350a",
      "geometry": {
        "type": "Point",
        "coordinates": [-58.37898, -34.60520075]
      },
      "geometry_name": "geom",
      "properties": {
        "id": 94335,
        "gna": "Árbol",
        "nam": "Jacaranda Mimosifolia",
        "nco": "Jacaranda",
        "clf": "Jacaranda",
        "sta": "Balanceada - Bifurcada",
        "vta": "Vital",
        "uve": "Regular",
        "npl": "Bajo Nivel",
        "epl": "Ocupada",
        "alt": 10,
        "dmt": 20,
        "inc": null,
        "dir": "Saenz Peña, Roque, Pres. Diagonal Norte Av. 872",
        "tar": "Arbolado lineal",
        "sag": "DG de Espacios Verdes y Arbolado"
      }
    },
    {
      "type": "Feature",
      "id": "arbolado_publico.fid--22daefbc_19dc07f98be_-3509",
      "geometry": {
        "type": "Point",
        "coordinates": [-58.3789481, -34.60506801]
      },
      "geometry_name": "geom",
      "properties": {
        "id": 94336,
        "gna": "Árbol",
        "nam": "Jacaranda Mimosifolia",
        "nco": "Jacaranda",
        "clf": "Jacaranda",
        "sta": "Balanceada",
        "vta": "Vital",
        "uve": "Regular",
        "npl": "A Nivel",
        "epl": "Ocupada",
        "alt": 9,
        "dmt": 18,
        "inc": 2,
        "dir": "Saenz Peña, Roque, Pres. Diagonal Norte Av. 875",
        "tar": "Arbolado lineal",
        "sag": "DG de Espacios Verdes y Arbolado"
      }
    },
    {
      "type": "Feature",
      "id": "arbolado_publico.fid--22daefbc_19dc07f98be_-3508",
      "geometry": {
        "type": "Point",
        "coordinates": [-58.3790299, -34.60517455]
      },
      "geometry_name": "geom",
      "properties": {
        "id": 94338,
        "gna": "Árbol",
        "nam": "Jacaranda Mimosifolia",
        "nco": "Jacaranda",
        "clf": "Jacaranda",
        "sta": "Balanceada - Bifurcada",
        "vta": "Vital",
        "uve": "Regular",
        "npl": "A Nivel",
        "epl": "Ocupada",
        "alt": 9,
        "dmt": 17,
        "inc": 7,
        "dir": "Saenz Peña, Roque, Pres. Diagonal Norte Av. 876",
        "tar": "Arbolado lineal",
        "sag": "DG de Espacios Verdes y Arbolado"
      }
    },
    {
      "type": "Feature",
      "id": "arbolado_publico.fid--22daefbc_19dc07f98be_-3507",
      "geometry": {
        "type": "Point",
        "coordinates": [-58.37902296, -34.60502872]
      },
      "geometry_name": "geom",
      "properties": {
        "id": 94339,
        "gna": "Árbol",
        "nam": "Jacaranda Mimosifolia",
        "nco": "Jacaranda",
        "clf": "Jacaranda",
        "sta": "Balanceada",
        "vta": "Vital",
        "uve": "Regular",
        "npl": "Bajo Nivel",
        "epl": "Ocupada",
        "alt": 2,
        "dmt": 13,
        "inc": 10,
        "dir": "Saenz Peña, Roque, Pres. Diagonal Norte Av. 881",
        "tar": "Arbolado lineal",
        "sag": "DG de Espacios Verdes y Arbolado"
      }
    },
    {
      "type": "Feature",
      "id": "arbolado_publico.fid--22daefbc_19dc07f98be_-3506",
      "geometry": {
        "type": "Point",
        "coordinates": [-58.37907286, -34.60500252]
      },
      "geometry_name": "geom",
      "properties": {
        "id": 94340,
        "gna": "Árbol",
        "nam": "Jacaranda Mimosifolia",
        "nco": "Jacaranda",
        "clf": "Jacaranda",
        "sta": "Desbalanceada",
        "vta": "Vital",
        "uve": "Regular",
        "npl": "A Nivel",
        "epl": "Ocupada",
        "alt": 9,
        "dmt": 20,
        "inc": null,
        "dir": "Saenz Peña, Roque, Pres. Diagonal Norte Av. 885",
        "tar": "Arbolado lineal",
        "sag": "DG de Espacios Verdes y Arbolado"
      }
    },
    {
      "type": "Feature",
      "id": "arbolado_publico.fid--22daefbc_19dc07f98be_-3505",
      "geometry": {
        "type": "Point",
        "coordinates": [-58.37920456, -34.60508287]
      },
      "geometry_name": "geom",
      "properties": {
        "id": 94341,
        "gna": "Árbol",
        "nam": "Jacaranda Mimosifolia",
        "nco": "Jacaranda",
        "clf": "Jacaranda",
        "sta": "Balanceada - Multicaule",
        "vta": "Vital",
        "uve": "Regular",
        "npl": "Bajo Nivel",
        "epl": "Ocupada",
        "alt": 6,
        "dmt": 14,
        "inc": 10,
        "dir": "Saenz Peña, Roque, Pres. Diagonal Norte Av. 890",
        "tar": "Arbolado lineal",
        "sag": "DG de Espacios Verdes y Arbolado"
      }
    },
    {
      "type": "Feature",
      "id": "arbolado_publico.fid--22daefbc_19dc07f98be_-3504",
      "geometry": {
        "type": "Point",
        "coordinates": [-58.3800022, -34.6045147]
      },
      "geometry_name": "geom",
      "properties": {
        "id": 94342,
        "gna": "Árbol",
        "nam": "Jacaranda Mimosifolia",
        "nco": "Jacaranda",
        "clf": "Jacaranda",
        "sta": "Balanceada - Bifurcada",
        "vta": "Vital",
        "uve": "Fuera de Línea",
        "npl": "A Nivel",
        "epl": "Ocupada",
        "alt": 7,
        "dmt": 18,
        "inc": 5,
        "dir": "Saenz Peña, Roque, Pres. Diagonal Norte Av. 933",
        "tar": "Arbolado lineal",
        "sag": "DG de Espacios Verdes y Arbolado"
      }
    },
    {
      "type": "Feature",
      "id": "arbolado_publico.fid--22daefbc_19dc07f98be_-3503",
      "geometry": {
        "type": "Point",
        "coordinates": [-58.3800022, -34.6045147]
      },
      "geometry_name": "geom",
      "properties": {
        "id": 94343,
        "gna": "Árbol",
        "nam": "Jacaranda Mimosifolia",
        "nco": "Jacaranda",
        "clf": "Jacaranda",
        "sta": "Desbalanceada",
        "vta": "Vital",
        "uve": "Regular",
        "npl": "Bajo Nivel",
        "epl": "Ocupada",
        "alt": 7,
        "dmt": 18,
        "inc": 12,
        "dir": "Saenz Peña, Roque, Pres. Diagonal Norte Av. 933",
        "tar": "Arbolado lineal",
        "sag": "DG de Espacios Verdes y Arbolado"
      }
    },
    {
      "type": "Feature",
      "id": "arbolado_publico.fid--22daefbc_19dc07f98be_-3502",
      "geometry": {
        "type": "Point",
        "coordinates": [-58.3800022, -34.6045147]
      },
      "geometry_name": "geom",
      "properties": {
        "id": 94344,
        "gna": "Árbol",
        "nam": "Jacaranda Mimosifolia",
        "nco": "Jacaranda",
        "clf": "Jacaranda",
        "sta": "Desbalanceada",
        "vta": "En Observación",
        "uve": "Regular",
        "npl": "Bajo Nivel",
        "epl": "Ocupada",
        "alt": 7,
        "dmt": 21,
        "inc": 30,
        "dir": "Saenz Peña, Roque, Pres. Diagonal Norte Av. 933",
        "tar": "Arbolado lineal",
        "sag": "DG de Espacios Verdes y Arbolado"
      }
    },
    {
      "type": "Feature",
      "id": "arbolado_publico.fid--22daefbc_19dc07f98be_-3501",
      "geometry": {
        "type": "Point",
        "coordinates": [-58.3800022, -34.6045147]
      },
      "geometry_name": "geom",
      "properties": {
        "id": 94345,
        "gna": "Árbol",
        "nam": "Jacaranda Mimosifolia",
        "nco": "Jacaranda",
        "clf": "Jacaranda",
        "sta": "Balanceada - Bifurcada",
        "vta": "Vital",
        "uve": "Fuera de Línea",
        "npl": "Bajo Nivel",
        "epl": "Ocupada",
        "alt": 5,
        "dmt": 8,
        "inc": null,
        "dir": "Saenz Peña, Roque, Pres. Diagonal Norte Av. 933",
        "tar": "Arbolado lineal",
        "sag": "DG de Espacios Verdes y Arbolado"
      }
    },
    {
      "type": "Feature",
      "id": "arbolado_publico.fid--22daefbc_19dc07f98be_-3500",
      "geometry": {
        "type": "Point",
        "coordinates": [-58.3800022, -34.6045147]
      },
      "geometry_name": "geom",
      "properties": {
        "id": 94346,
        "gna": "Árbol",
        "nam": "Jacaranda Mimosifolia",
        "nco": "Jacaranda",
        "clf": "Jacaranda",
        "sta": "Balanceada - Bifurcada",
        "vta": "Vital",
        "uve": "Fuera de Línea",
        "npl": "A Nivel",
        "epl": "Ocupada",
        "alt": 7,
        "dmt": 15,
        "inc": 6,
        "dir": "Saenz Peña, Roque, Pres. Diagonal Norte Av. 933",
        "tar": "Arbolado lineal",
        "sag": "DG de Espacios Verdes y Arbolado"
      }
    },
    {
      "type": "Feature",
      "id": "arbolado_publico.fid--22daefbc_19dc07f98be_-34ff",
      "geometry": {
        "type": "Point",
        "coordinates": [-58.3800022, -34.6045147]
      },
      "geometry_name": "geom",
      "properties": {
        "id": 94347,
        "gna": "Árbol",
        "nam": "Jacaranda Mimosifolia",
        "nco": "Jacaranda",
        "clf": "Jacaranda",
        "sta": "Balanceada - Bifurcada",
        "vta": "Vital",
        "uve": "Regular",
        "npl": "A Nivel",
        "epl": "Ocupada",
        "alt": 5,
        "dmt": 11,
        "inc": 3,
        "dir": "Saenz Peña, Roque, Pres. Diagonal Norte Av. 933",
        "tar": "Arbolado lineal",
        "sag": "DG de Espacios Verdes y Arbolado"
      }
    },
    {
      "type": "Feature",
      "id": "arbolado_publico.fid--22daefbc_19dc07f98be_-34fe",
      "geometry": {
        "type": "Point",
        "coordinates": [-58.38011387, -34.60460557]
      },
      "geometry_name": "geom",
      "properties": {
        "id": 94348,
        "gna": "Árbol",
        "nam": "Jacaranda Mimosifolia",
        "nco": "Jacaranda",
        "clf": "Jacaranda",
        "sta": "Balanceada - Bifurcada",
        "vta": "Vital",
        "uve": "Regular",
        "npl": "A Nivel",
        "epl": "Ocupada",
        "alt": 11,
        "dmt": 42,
        "inc": 8,
        "dir": "Saenz Peña, Roque, Pres. Diagonal Norte Av. 936",
        "tar": "Arbolado lineal",
        "sag": "DG de Espacios Verdes y Arbolado"
      }
    },
    {
      "type": "Feature",
      "id": "arbolado_publico.fid--22daefbc_19dc07f98be_-34fd",
      "geometry": {
        "type": "Point",
        "coordinates": [-58.3802113, -34.60440494]
      },
      "geometry_name": "geom",
      "properties": {
        "id": 94350,
        "gna": "Árbol",
        "nam": "Jacaranda Mimosifolia",
        "nco": "Jacaranda",
        "clf": "Jacaranda",
        "sta": "Balanceada - Bifurcada",
        "vta": "Vital",
        "uve": "Fuera de Línea",
        "npl": "Bajo Nivel",
        "epl": "Ocupada",
        "alt": 7,
        "dmt": 14,
        "inc": 5,
        "dir": "Saenz Peña, Roque, Pres. Diagonal Norte Av. 947",
        "tar": "Arbolado lineal",
        "sag": "DG de Espacios Verdes y Arbolado"
      }
    },
    {
      "type": "Feature",
      "id": "arbolado_publico.fid--22daefbc_19dc07f98be_-34fc",
      "geometry": {
        "type": "Point",
        "coordinates": [-58.3802113, -34.60440494]
      },
      "geometry_name": "geom",
      "properties": {
        "id": 94352,
        "gna": "Árbol",
        "nam": "Jacaranda Mimosifolia",
        "nco": "Jacaranda",
        "clf": "Jacaranda",
        "sta": "Balanceada - Bifurcada",
        "vta": "Vital",
        "uve": "Regular",
        "npl": "A Nivel",
        "epl": "Ocupada",
        "alt": 13,
        "dmt": 38,
        "inc": 18,
        "dir": "Saenz Peña, Roque, Pres. Diagonal Norte Av. 947",
        "tar": "Arbolado lineal",
        "sag": "DG de Espacios Verdes y Arbolado"
      }
    },
    {
      "type": "Feature",
      "id": "arbolado_publico.fid--22daefbc_19dc07f98be_-34fb",
      "geometry": {
        "type": "Point",
        "coordinates": [-58.38042869, -34.60443713]
      },
      "geometry_name": "geom",
      "properties": {
        "id": 94353,
        "gna": "Árbol",
        "nam": "Jacaranda Mimosifolia",
        "nco": "Jacaranda",
        "clf": "Jacaranda",
        "sta": "Balanceada - Bifurcada",
        "vta": "Vital",
        "uve": "Regular",
        "npl": "Bajo Nivel",
        "epl": "Ocupada",
        "alt": 6,
        "dmt": 22,
        "inc": 21,
        "dir": "Saenz Peña, Roque, Pres. Diagonal Norte Av. 952",
        "tar": "Arbolado lineal",
        "sag": "DG de Espacios Verdes y Arbolado"
      }
    },
    {
      "type": "Feature",
      "id": "arbolado_publico.fid--22daefbc_19dc07f98be_-34fa",
      "geometry": {
        "type": "Point",
        "coordinates": [-58.38054054, -34.6043706]
      },
      "geometry_name": "geom",
      "properties": {
        "id": 94354,
        "gna": "Árbol",
        "nam": "Jacaranda Mimosifolia",
        "nco": "Jacaranda",
        "clf": "Jacaranda",
        "sta": "Desbalanceada",
        "vta": "Vital",
        "uve": "Regular",
        "npl": "A Nivel",
        "epl": "Ocupada",
        "alt": 11,
        "dmt": 32,
        "inc": 12,
        "dir": "Saenz Peña, Roque, Pres. Diagonal Norte Av. 962",
        "tar": "Arbolado lineal",
        "sag": "DG de Espacios Verdes y Arbolado"
      }
    },
    {
      "type": "Feature",
      "id": "arbolado_publico.fid--22daefbc_19dc07f98be_-34f9",
      "geometry": {
        "type": "Point",
        "coordinates": [-58.38047379, -34.60425485]
      },
      "geometry_name": "geom",
      "properties": {
        "id": 94355,
        "gna": "Árbol",
        "nam": "Jacaranda Mimosifolia",
        "nco": "Jacaranda",
        "clf": "Jacaranda",
        "sta": "Desbalanceada",
        "vta": "En Observación",
        "uve": "Fuera de Línea",
        "npl": "Bajo Nivel",
        "epl": "Ocupada",
        "alt": 6,
        "dmt": 10,
        "inc": 5,
        "dir": "Saenz Peña, Roque, Pres. Diagonal Norte Av. 963",
        "tar": "Arbolado lineal",
        "sag": "DG de Espacios Verdes y Arbolado"
      }
    },
    {
      "type": "Feature",
      "id": "arbolado_publico.fid--22daefbc_19dc07f98be_-34f8",
      "geometry": {
        "type": "Point",
        "coordinates": [-58.38056327, -34.60420162]
      },
      "geometry_name": "geom",
      "properties": {
        "id": 94358,
        "gna": "Árbol",
        "nam": "Jacaranda Mimosifolia",
        "nco": "Jacaranda",
        "clf": "Jacaranda",
        "sta": "Desbalanceada",
        "vta": "Vital",
        "uve": "Fuera de Línea",
        "npl": "A Nivel",
        "epl": "Ocupada",
        "alt": 4,
        "dmt": 8,
        "inc": 7,
        "dir": "Saenz Peña, Roque, Pres. Diagonal Norte Av. 971",
        "tar": "Arbolado lineal",
        "sag": "DG de Espacios Verdes y Arbolado"
      }
    },
    {
      "type": "Feature",
      "id": "arbolado_publico.fid--22daefbc_19dc07f98be_-34f7",
      "geometry": {
        "type": "Point",
        "coordinates": [-58.38071951, -34.60426415]
      },
      "geometry_name": "geom",
      "properties": {
        "id": 94361,
        "gna": "Árbol",
        "nam": "Jacaranda Mimosifolia",
        "nco": "Jacaranda",
        "clf": "Jacaranda",
        "sta": "Balanceada - Bifurcada",
        "vta": "Vital",
        "uve": "Regular",
        "npl": "A Nivel",
        "epl": "Ocupada",
        "alt": 13,
        "dmt": 41,
        "inc": 9,
        "dir": "Saenz Peña, Roque, Pres. Diagonal Norte Av. 978",
        "tar": "Arbolado lineal",
        "sag": "DG de Espacios Verdes y Arbolado"
      }
    },
    {
      "type": "Feature",
      "id": "arbolado_publico.fid--22daefbc_19dc07f98be_-34f6",
      "geometry": {
        "type": "Point",
        "coordinates": [-58.38065275, -34.6041484]
      },
      "geometry_name": "geom",
      "properties": {
        "id": 94362,
        "gna": "Árbol",
        "nam": "Jacaranda Mimosifolia",
        "nco": "Jacaranda",
        "clf": "Jacaranda",
        "sta": "Balanceada",
        "vta": "Vital",
        "uve": "Fuera de Línea",
        "npl": "A Nivel",
        "epl": "Sobreocupada",
        "alt": 6,
        "dmt": 16,
        "inc": 19,
        "dir": "Saenz Peña, Roque, Pres. Diagonal Norte Av. 979",
        "tar": "Arbolado lineal",
        "sag": "DG de Espacios Verdes y Arbolado"
      }
    },
    {
      "type": "Feature",
      "id": "arbolado_publico.fid--22daefbc_19dc07f98be_-34f5",
      "geometry": {
        "type": "Point",
        "coordinates": [-58.38069749, -34.60412179]
      },
      "geometry_name": "geom",
      "properties": {
        "id": 94365,
        "gna": "Árbol",
        "nam": "Jacaranda Mimosifolia",
        "nco": "Jacaranda",
        "clf": "Jacaranda",
        "sta": "Balanceada - Bifurcada",
        "vta": "Vital",
        "uve": "Regular",
        "npl": "A Nivel",
        "epl": "Ocupada",
        "alt": 9,
        "dmt": 25,
        "inc": 26,
        "dir": "Saenz Peña, Roque, Pres. Diagonal Norte Av. 983",
        "tar": "Arbolado lineal",
        "sag": "DG de Espacios Verdes y Arbolado"
      }
    },
    {
      "type": "Feature",
      "id": "arbolado_publico.fid--22daefbc_19dc07f98be_-34f4",
      "geometry": {
        "type": "Point",
        "coordinates": [-58.38084591, -34.60473644]
      },
      "geometry_name": "geom",
      "properties": {
        "id": 95312,
        "gna": "Árbol",
        "nam": "Jacaranda Mimosifolia",
        "nco": "Jacaranda",
        "clf": "Jacaranda",
        "sta": "Balanceada - Bifurcada",
        "vta": "Vital",
        "uve": "Ochava",
        "npl": "A Nivel",
        "epl": "Ocupada",
        "alt": 14,
        "dmt": 58,
        "inc": 6,
        "dir": "Pellegrini, Carlos 313",
        "tar": "Arbolado lineal",
        "sag": "DG de Espacios Verdes y Arbolado"
      }
    },
    {
      "type": "Feature",
      "id": "arbolado_publico.fid--22daefbc_19dc07f98be_-34f3",
      "geometry": {
        "type": "Point",
        "coordinates": [-58.38084591, -34.60473644]
      },
      "geometry_name": "geom",
      "properties": {
        "id": 95313,
        "gna": "Árbol",
        "nam": "Jacaranda Mimosifolia",
        "nco": "Jacaranda",
        "clf": "Jacaranda",
        "sta": "Balanceada - Bifurcada",
        "vta": "Vital",
        "uve": "Regular",
        "npl": "Bajo Nivel",
        "epl": "Ocupada",
        "alt": 14,
        "dmt": 56,
        "inc": 3,
        "dir": "Pellegrini, Carlos 313",
        "tar": "Arbolado lineal",
        "sag": "DG de Espacios Verdes y Arbolado"
      }
    },
    {
      "type": "Feature",
      "id": "arbolado_publico.fid--22daefbc_19dc07f98be_-34f2",
      "geometry": {
        "type": "Point",
        "coordinates": [-58.3809373, -34.60310489]
      },
      "geometry_name": "geom",
      "properties": {
        "id": 95315,
        "gna": "Árbol",
        "nam": "Jacaranda Mimosifolia",
        "nco": "Jacaranda",
        "clf": "Jacaranda",
        "sta": "Balanceada - Bifurcada",
        "vta": "Vital",
        "uve": "Regular",
        "npl": "Bajo Nivel",
        "epl": "Ocupada",
        "alt": 13,
        "dmt": 56,
        "inc": 5,
        "dir": "Pellegrini, Carlos 449",
        "tar": "Arbolado lineal",
        "sag": "DG de Espacios Verdes y Arbolado"
      }
    },
    {
      "type": "Feature",
      "id": "arbolado_publico.fid--22daefbc_19dc07f98be_-34f1",
      "geometry": {
        "type": "Point",
        "coordinates": [-58.38095636, -34.60274098]
      },
      "geometry_name": "geom",
      "properties": {
        "id": 95318,
        "gna": "Árbol",
        "nam": "Jacaranda Mimosifolia",
        "nco": "Jacaranda",
        "clf": "Jacaranda",
        "sta": "Desbalanceada",
        "vta": "Vital",
        "uve": "Regular",
        "npl": "Elevada",
        "epl": "Ocupada",
        "alt": 9,
        "dmt": 30,
        "inc": 15,
        "dir": "Pellegrini, Carlos 485",
        "tar": "Arbolado lineal",
        "sag": "DG de Espacios Verdes y Arbolado"
      }
    },
    {
      "type": "Feature",
      "id": "arbolado_publico.fid--22daefbc_19dc07f98be_-34f0",
      "geometry": {
        "type": "Point",
        "coordinates": [-58.3809606, -34.60266011]
      },
      "geometry_name": "geom",
      "properties": {
        "id": 95319,
        "gna": "Árbol",
        "nam": "Jacaranda Mimosifolia",
        "nco": "Jacaranda",
        "clf": "Jacaranda",
        "sta": "Desbalanceada",
        "vta": "Vital",
        "uve": "Regular",
        "npl": "Bajo Nivel",
        "epl": "Ocupada",
        "alt": 12,
        "dmt": 50,
        "inc": 26,
        "dir": "Pellegrini, Carlos 493",
        "tar": "Arbolado lineal",
        "sag": "DG de Espacios Verdes y Arbolado"
      }
    },
    {
      "type": "Feature",
      "id": "arbolado_publico.fid--22daefbc_19dc07f98be_-34ef",
      "geometry": {
        "type": "Point",
        "coordinates": [-58.38112475, -34.60244298]
      },
      "geometry_name": "geom",
      "properties": {
        "id": 95320,
        "gna": "Árbol",
        "nam": "Jacaranda Mimosifolia",
        "nco": "Jacaranda",
        "clf": "Jacaranda",
        "sta": "Desbalanceada",
        "vta": "Vital",
        "uve": "Regular",
        "npl": "A Nivel",
        "epl": "Ocupada",
        "alt": 15,
        "dmt": 56,
        "inc": null,
        "dir": "Pellegrini, Carlos 502",
        "tar": "Arbolado lineal",
        "sag": "DG de Espacios Verdes y Arbolado"
      }
    },
    {
      "type": "Feature",
      "id": "arbolado_publico.fid--22daefbc_19dc07f98be_-34ee",
      "geometry": {
        "type": "Point",
        "coordinates": [-58.38100597, -34.60184614]
      },
      "geometry_name": "geom",
      "properties": {
        "id": 95323,
        "gna": "Árbol",
        "nam": "Jacaranda Mimosifolia",
        "nco": "Jacaranda",
        "clf": "Jacaranda",
        "sta": "Desbalanceada",
        "vta": "Vital",
        "uve": "Regular",
        "npl": "A Nivel",
        "epl": "Ocupada",
        "alt": 12,
        "dmt": 56,
        "inc": 20,
        "dir": "Pellegrini, Carlos 559",
        "tar": "Arbolado lineal",
        "sag": "DG de Espacios Verdes y Arbolado"
      }
    },
    {
      "type": "Feature",
      "id": "arbolado_publico.fid--22daefbc_19dc07f98be_-34ed",
      "geometry": {
        "type": "Point",
        "coordinates": [-58.38101545, -34.60168309]
      },
      "geometry_name": "geom",
      "properties": {
        "id": 95324,
        "gna": "Árbol",
        "nam": "Jacaranda Mimosifolia",
        "nco": "Jacaranda",
        "clf": "Jacaranda",
        "sta": "Desbalanceada",
        "vta": "Vital",
        "uve": "Regular",
        "npl": "Bajo Nivel",
        "epl": "Ocupada",
        "alt": 6,
        "dmt": 10,
        "inc": 9,
        "dir": "Pellegrini, Carlos 575",
        "tar": "Arbolado lineal",
        "sag": "DG de Espacios Verdes y Arbolado"
      }
    },
    {
      "type": "Feature",
      "id": "arbolado_publico.fid--22daefbc_19dc07f98be_-34ec",
      "geometry": {
        "type": "Point",
        "coordinates": [-58.38102256, -34.60156081]
      },
      "geometry_name": "geom",
      "properties": {
        "id": 95325,
        "gna": "Árbol",
        "nam": "Jacaranda Mimosifolia",
        "nco": "Jacaranda",
        "clf": "Jacaranda",
        "sta": "Balanceada - Bifurcada",
        "vta": "Vital",
        "uve": "Regular",
        "npl": "Elevada",
        "epl": "Ocupada",
        "alt": 6,
        "dmt": 22,
        "inc": 10,
        "dir": "Pellegrini, Carlos 587",
        "tar": "Arbolado lineal",
        "sag": "DG de Espacios Verdes y Arbolado"
      }
    },
    {
      "type": "Feature",
      "id": "arbolado_publico.fid--22daefbc_19dc07f98be_-34eb",
      "geometry": {
        "type": "Point",
        "coordinates": [-58.38395001, -34.60270311]
      },
      "geometry_name": "geom",
      "properties": {
        "id": 95620,
        "gna": "Árbol",
        "nam": "Jacaranda Mimosifolia",
        "nco": "Jacaranda",
        "clf": "Jacaranda",
        "sta": "Balanceada - Multicaule",
        "vta": "Vital",
        "uve": "Regular",
        "npl": "A Nivel",
        "epl": "Ocupada",
        "alt": 7,
        "dmt": 28,
        "inc": 11,
        "dir": "Lavalle 1206",
        "tar": "Arbolado lineal",
        "sag": "DG de Espacios Verdes y Arbolado"
      }
    },
    {
      "type": "Feature",
      "id": "arbolado_publico.fid--22daefbc_19dc07f98be_-34ea",
      "geometry": {
        "type": "Point",
        "coordinates": [-58.38240432, -34.6018845]
      },
      "geometry_name": "geom",
      "properties": {
        "id": 97952,
        "gna": "Árbol",
        "nam": "Jacaranda Mimosifolia",
        "nco": "Jacaranda",
        "clf": "Jacaranda",
        "sta": "Desbalanceada",
        "vta": "Vital",
        "uve": "Regular",
        "npl": "Elevada",
        "epl": "Ocupada",
        "alt": 7,
        "dmt": 24,
        "inc": 14,
        "dir": "Cerrito 562",
        "tar": "Arbolado lineal",
        "sag": "DG de Espacios Verdes y Arbolado"
      }
    },
    {
      "type": "Feature",
      "id": "arbolado_publico.fid--22daefbc_19dc07f98be_-34e9",
      "geometry": {
        "type": "Point",
        "coordinates": [-58.38237117, -34.60240369]
      },
      "geometry_name": "geom",
      "properties": {
        "id": 97980,
        "gna": "Árbol",
        "nam": "Jacaranda Mimosifolia",
        "nco": "Jacaranda",
        "clf": "Jacaranda",
        "sta": "Balanceada - Bifurcada",
        "vta": "Vital",
        "uve": "Regular",
        "npl": "Bajo Nivel",
        "epl": "Ocupada",
        "alt": 10,
        "dmt": 40,
        "inc": 20,
        "dir": "Cerrito 512",
        "tar": "Arbolado lineal",
        "sag": "DG de Espacios Verdes y Arbolado"
      }
    },
    {
      "type": "Feature",
      "id": "arbolado_publico.fid--22daefbc_19dc07f98be_-34e8",
      "geometry": {
        "type": "Point",
        "coordinates": [-58.38237117, -34.60240369]
      },
      "geometry_name": "geom",
      "properties": {
        "id": 97991,
        "gna": "Árbol",
        "nam": "Jacaranda Mimosifolia",
        "nco": "Jacaranda",
        "clf": "Jacaranda",
        "sta": "Desbalanceada",
        "vta": "Vital",
        "uve": "Regular",
        "npl": "A Nivel",
        "epl": "Ocupada",
        "alt": 9,
        "dmt": 32,
        "inc": 10,
        "dir": "Cerrito 512",
        "tar": "Arbolado lineal",
        "sag": "DG de Espacios Verdes y Arbolado"
      }
    },
    {
      "type": "Feature",
      "id": "arbolado_publico.fid--22daefbc_19dc07f98be_-34e7",
      "geometry": {
        "type": "Point",
        "coordinates": [-58.38234149, -34.60289437]
      },
      "geometry_name": "geom",
      "properties": {
        "id": 97999,
        "gna": "Árbol",
        "nam": "Jacaranda Mimosifolia",
        "nco": "Jacaranda",
        "clf": "Jacaranda",
        "sta": "Desbalanceada",
        "vta": "Vital",
        "uve": "Regular",
        "npl": "Bajo Nivel",
        "epl": "Ocupada",
        "alt": 14,
        "dmt": 53,
        "inc": 8,
        "dir": "Cerrito 482",
        "tar": "Arbolado lineal",
        "sag": "DG de Espacios Verdes y Arbolado"
      }
    },
    {
      "type": "Feature",
      "id": "arbolado_publico.fid--22daefbc_19dc07f98be_-34e6",
      "geometry": {
        "type": "Point",
        "coordinates": [-58.3822916, -34.60372801]
      },
      "geometry_name": "geom",
      "properties": {
        "id": 98012,
        "gna": "Árbol",
        "nam": "Jacaranda Mimosifolia",
        "nco": "Jacaranda",
        "clf": "Jacaranda",
        "sta": "Desbalanceada",
        "vta": "Vital",
        "uve": "Regular",
        "npl": "A Nivel",
        "epl": "Ocupada",
        "alt": 9,
        "dmt": 42,
        "inc": 22,
        "dir": "Cerrito 402",
        "tar": "Arbolado lineal",
        "sag": "DG de Espacios Verdes y Arbolado"
      }
    },
    {
      "type": "Feature",
      "id": "arbolado_publico.fid--22daefbc_19dc07f98be_-34e5",
      "geometry": {
        "type": "Point",
        "coordinates": [-58.38227725, -34.60397035]
      },
      "geometry_name": "geom",
      "properties": {
        "id": 98019,
        "gna": "Árbol",
        "nam": "Jacaranda Mimosifolia",
        "nco": "Jacaranda",
        "clf": "Jacaranda",
        "sta": "Balanceada - Bifurcada",
        "vta": "Vital",
        "uve": "Regular",
        "npl": "Bajo Nivel",
        "epl": "Ocupada",
        "alt": 13,
        "dmt": 50,
        "inc": null,
        "dir": "Cerrito 388",
        "tar": "Arbolado lineal",
        "sag": "DG de Espacios Verdes y Arbolado"
      }
    },
    {
      "type": "Feature",
      "id": "arbolado_publico.fid--22daefbc_19dc07f98be_-34e4",
      "geometry": {
        "type": "Point",
        "coordinates": [-58.38227066, -34.60408218]
      },
      "geometry_name": "geom",
      "properties": {
        "id": 98026,
        "gna": "Árbol",
        "nam": "Jacaranda Mimosifolia",
        "nco": "Jacaranda",
        "clf": "Jacaranda",
        "sta": "Desbalanceada",
        "vta": "Vital",
        "uve": "Regular",
        "npl": "Bajo Nivel",
        "epl": "Ocupada",
        "alt": 10,
        "dmt": 49,
        "inc": 7,
        "dir": "Cerrito 378",
        "tar": "Arbolado lineal",
        "sag": "DG de Espacios Verdes y Arbolado"
      }
    },
    {
      "type": "Feature",
      "id": "arbolado_publico.fid--22daefbc_19dc07f98be_-34e3",
      "geometry": {
        "type": "Point",
        "coordinates": [-58.38221171, -34.60515906]
      },
      "geometry_name": "geom",
      "properties": {
        "id": 98057,
        "gna": "Árbol",
        "nam": "Jacaranda Mimosifolia",
        "nco": "Jacaranda",
        "clf": "Jacaranda",
        "sta": "Balanceada - Bifurcada",
        "vta": "Vital",
        "uve": "Ochava",
        "npl": "A Nivel",
        "epl": "Ocupada",
        "alt": 12,
        "dmt": 40,
        "inc": null,
        "dir": "Cerrito 294",
        "tar": "Arbolado lineal",
        "sag": "DG de Espacios Verdes y Arbolado"
      }
    },
    {
      "type": "Feature",
      "id": "arbolado_publico.fid--22daefbc_19dc07f98be_-34e2",
      "geometry": {
        "type": "Point",
        "coordinates": [-58.3821971, -34.60545561]
      },
      "geometry_name": "geom",
      "properties": {
        "id": 98064,
        "gna": "Árbol",
        "nam": "Jacaranda Mimosifolia",
        "nco": "Jacaranda",
        "clf": "Jacaranda",
        "sta": "Balanceada - Bifurcada",
        "vta": "Vital",
        "uve": "Regular",
        "npl": "A Nivel",
        "epl": "Ocupada",
        "alt": 14,
        "dmt": 48,
        "inc": null,
        "dir": "Cerrito 264",
        "tar": "Arbolado lineal",
        "sag": "DG de Espacios Verdes y Arbolado"
      }
    },
    {
      "type": "Feature",
      "id": "arbolado_publico.fid--22daefbc_19dc07f98be_-34e1",
      "geometry": {
        "type": "Point",
        "coordinates": [-58.38218345, -34.60573239]
      },
      "geometry_name": "geom",
      "properties": {
        "id": 98070,
        "gna": "Árbol",
        "nam": "Jacaranda Mimosifolia",
        "nco": "Jacaranda",
        "clf": "Jacaranda",
        "sta": "Balanceada - Bifurcada",
        "vta": "Vital",
        "uve": "Regular",
        "npl": "Bajo Nivel",
        "epl": "Ocupada",
        "alt": 7,
        "dmt": 12,
        "inc": 18,
        "dir": "Cerrito 236",
        "tar": "Arbolado lineal",
        "sag": "DG de Espacios Verdes y Arbolado"
      }
    },
    {
      "type": "Feature",
      "id": "arbolado_publico.fid--22daefbc_19dc07f98be_-34e0",
      "geometry": {
        "type": "Point",
        "coordinates": [-58.38217761, -34.60585101]
      },
      "geometry_name": "geom",
      "properties": {
        "id": 98078,
        "gna": "Árbol",
        "nam": "Jacaranda Mimosifolia",
        "nco": "Jacaranda",
        "clf": "Jacaranda",
        "sta": "Balanceada",
        "vta": "Vital",
        "uve": "Regular",
        "npl": "Bajo Nivel",
        "epl": "Ocupada",
        "alt": 9,
        "dmt": 20,
        "inc": 27,
        "dir": "Cerrito 224",
        "tar": "Arbolado lineal",
        "sag": "DG de Espacios Verdes y Arbolado"
      }
    },
    {
      "type": "Feature",
      "id": "arbolado_publico.fid--22daefbc_19dc07f98be_-34df",
      "geometry": {
        "type": "Point",
        "coordinates": [-58.37968813, -34.60110684]
      },
      "geometry_name": "geom",
      "properties": {
        "id": 101943,
        "gna": "Árbol",
        "nam": "Photinia x Fraseri",
        "nco": "Fotinia",
        "clf": "Otro",
        "sta": "Balanceada",
        "vta": "Vital",
        "uve": "Regular",
        "npl": "A Nivel",
        "epl": "Ocupada",
        "alt": 3,
        "dmt": 16,
        "inc": null,
        "dir": "Suipacha 612",
        "tar": "Arbolado lineal",
        "sag": "DG de Espacios Verdes y Arbolado"
      }
    },
    {
      "type": "Feature",
      "id": "arbolado_publico.fid--22daefbc_19dc07f98be_-34de",
      "geometry": {
        "type": "Point",
        "coordinates": [-58.37968678, -34.60112699]
      },
      "geometry_name": "geom",
      "properties": {
        "id": 101944,
        "gna": "Árbol",
        "nam": "Photinia x Fraseri",
        "nco": "Fotinia",
        "clf": "Otro",
        "sta": "Balanceada",
        "vta": "Vital",
        "uve": "Ochava",
        "npl": "A Nivel",
        "epl": "Ocupada",
        "alt": 2,
        "dmt": 21,
        "inc": null,
        "dir": "Suipacha 610",
        "tar": "Arbolado lineal",
        "sag": "DG de Espacios Verdes y Arbolado"
      }
    },
    {
      "type": "Feature",
      "id": "arbolado_publico.fid--22daefbc_19dc07f98be_-34dd",
      "geometry": {
        "type": "Point",
        "coordinates": [-58.37968209, -34.60120657]
      },
      "geometry_name": "geom",
      "properties": {
        "id": 101945,
        "gna": "Árbol",
        "nam": "Photinia x Fraseri",
        "nco": "Fotinia",
        "clf": "Otro",
        "sta": "Balanceada",
        "vta": "Vital",
        "uve": "Regular",
        "npl": "A Nivel",
        "epl": "Ocupada",
        "alt": 2,
        "dmt": 20,
        "inc": null,
        "dir": "Suipacha 602",
        "tar": "Arbolado lineal",
        "sag": "DG de Espacios Verdes y Arbolado"
      }
    },
    {
      "type": "Feature",
      "id": "arbolado_publico.fid--22daefbc_19dc07f98be_-34dc",
      "geometry": {
        "type": "Point",
        "coordinates": [-58.37966851, -34.60149278]
      },
      "geometry_name": "geom",
      "properties": {
        "id": 101948,
        "gna": "Árbol",
        "nam": "Photinia x Fraseri",
        "nco": "Fotinia",
        "clf": "Otro",
        "sta": "Desbalanceada",
        "vta": "Vital",
        "uve": "Regular",
        "npl": "A Nivel",
        "epl": "Ocupada",
        "alt": 2,
        "dmt": 5,
        "inc": null,
        "dir": "Suipacha 588",
        "tar": "Arbolado lineal",
        "sag": "DG de Espacios Verdes y Arbolado"
      }
    },
    {
      "type": "Feature",
      "id": "arbolado_publico.fid--22daefbc_19dc07f98be_-34db",
      "geometry": {
        "type": "Point",
        "coordinates": [-58.37965968, -34.60167819]
      },
      "geometry_name": "geom",
      "properties": {
        "id": 101950,
        "gna": "Árbol",
        "nam": "Photinia x Fraseri",
        "nco": "Fotinia",
        "clf": "Otro",
        "sta": "Balanceada - Multicaule",
        "vta": "Vital",
        "uve": "Regular",
        "npl": "A Nivel",
        "epl": "Ocupada",
        "alt": 4,
        "dmt": 9,
        "inc": null,
        "dir": "Suipacha 570",
        "tar": "Arbolado lineal",
        "sag": "DG de Espacios Verdes y Arbolado"
      }
    },
    {
      "type": "Feature",
      "id": "arbolado_publico.fid--22daefbc_19dc07f98be_-34da",
      "geometry": {
        "type": "Point",
        "coordinates": [-58.37965968, -34.60167819]
      },
      "geometry_name": "geom",
      "properties": {
        "id": 101951,
        "gna": "Árbol",
        "nam": "Photinia x Fraseri",
        "nco": "Fotinia",
        "clf": "Otro",
        "sta": "Desbalanceada",
        "vta": "Vital",
        "uve": "Regular",
        "npl": "A Nivel",
        "epl": "Ocupada",
        "alt": 3,
        "dmt": 11,
        "inc": null,
        "dir": "Suipacha 570",
        "tar": "Arbolado lineal",
        "sag": "DG de Espacios Verdes y Arbolado"
      }
    },
    {
      "type": "Feature",
      "id": "arbolado_publico.fid--22daefbc_19dc07f98be_-34d9",
      "geometry": {
        "type": "Point",
        "coordinates": [-58.37965086, -34.60186361]
      },
      "geometry_name": "geom",
      "properties": {
        "id": 101953,
        "gna": "Árbol",
        "nam": "Photinia x Fraseri",
        "nco": "Fotinia",
        "clf": "Otro",
        "sta": "Desbalanceada",
        "vta": "Vital",
        "uve": "Regular",
        "npl": "A Nivel",
        "epl": "Ocupada",
        "alt": 4,
        "dmt": 12,
        "inc": 3,
        "dir": "Suipacha 552",
        "tar": "Arbolado lineal",
        "sag": "DG de Espacios Verdes y Arbolado"
      }
    },
    {
      "type": "Feature",
      "id": "arbolado_publico.fid--22daefbc_19dc07f98be_-34d8",
      "geometry": {
        "type": "Point",
        "coordinates": [-58.37964106, -34.60206963]
      },
      "geometry_name": "geom",
      "properties": {
        "id": 101956,
        "gna": "Árbol",
        "nam": "Photinia x Fraseri",
        "nco": "Fotinia",
        "clf": "Otro",
        "sta": "Balanceada - Bifurcada",
        "vta": "Vital",
        "uve": "Regular",
        "npl": "A Nivel",
        "epl": "Ocupada",
        "alt": 4,
        "dmt": 8,
        "inc": null,
        "dir": "Suipacha 532",
        "tar": "Arbolado lineal",
        "sag": "DG de Espacios Verdes y Arbolado"
      }
    },
    {
      "type": "Feature",
      "id": "arbolado_publico.fid--22daefbc_19dc07f98be_-34d7",
      "geometry": {
        "type": "Point",
        "coordinates": [-58.37963223, -34.60225504]
      },
      "geometry_name": "geom",
      "properties": {
        "id": 101958,
        "gna": "Árbol",
        "nam": "Photinia x Fraseri",
        "nco": "Fotinia",
        "clf": "Otro",
        "sta": "Balanceada - Bifurcada",
        "vta": "Vital",
        "uve": "Regular",
        "npl": "A Nivel",
        "epl": "Ocupada",
        "alt": 4,
        "dmt": 6,
        "inc": null,
        "dir": "Suipacha 514",
        "tar": "Arbolado lineal",
        "sag": "DG de Espacios Verdes y Arbolado"
      }
    },
    {
      "type": "Feature",
      "id": "arbolado_publico.fid--22daefbc_19dc07f98be_-34d6",
      "geometry": {
        "type": "Point",
        "coordinates": [-58.37963125, -34.60227564]
      },
      "geometry_name": "geom",
      "properties": {
        "id": 101963,
        "gna": "Árbol",
        "nam": "Photinia x Fraseri",
        "nco": "Fotinia",
        "clf": "Otro",
        "sta": "Sin Estructura",
        "vta": "En Observación",
        "uve": "Regular",
        "npl": "A Nivel",
        "epl": "Ocupada",
        "alt": 4,
        "dmt": 6,
        "inc": null,
        "dir": "Suipacha 512",
        "tar": "Arbolado lineal",
        "sag": "DG de Espacios Verdes y Arbolado"
      }
    },
    {
      "type": "Feature",
      "id": "arbolado_publico.fid--22daefbc_19dc07f98be_-34d5",
      "geometry": {
        "type": "Point",
        "coordinates": [-58.37960858, -34.60271752]
      },
      "geometry_name": "geom",
      "properties": {
        "id": 101966,
        "gna": "Árbol",
        "nam": "Photinia x Fraseri",
        "nco": "Fotinia",
        "clf": "Otro",
        "sta": "Balanceada - Bifurcada",
        "vta": "Vital",
        "uve": "Regular",
        "npl": "Bajo Nivel",
        "epl": "Ocupada",
        "alt": 2,
        "dmt": 2,
        "inc": null,
        "dir": "Suipacha 482",
        "tar": "Arbolado lineal",
        "sag": "DG de Espacios Verdes y Arbolado"
      }
    },
    {
      "type": "Feature",
      "id": "arbolado_publico.fid--22daefbc_19dc07f98be_-34d4",
      "geometry": {
        "type": "Point",
        "coordinates": [-58.37941401, -34.605823]
      },
      "geometry_name": "geom",
      "properties": {
        "id": 101972,
        "gna": "Árbol",
        "nam": "Photinia x Fraseri",
        "nco": "Fotinia",
        "clf": "Otro",
        "sta": "Balanceada - Bifurcada",
        "vta": "Vital",
        "uve": "Regular",
        "npl": "A Nivel",
        "epl": "Ocupada",
        "alt": 3,
        "dmt": 5,
        "inc": null,
        "dir": "Suipacha 214",
        "tar": "Arbolado lineal",
        "sag": "DG de Espacios Verdes y Arbolado"
      }
    },
    {
      "type": "Feature",
      "id": "arbolado_publico.fid--22daefbc_19dc07f98be_-34d3",
      "geometry": {
        "type": "Point",
        "coordinates": [-58.37942123, -34.60568767]
      },
      "geometry_name": "geom",
      "properties": {
        "id": 101974,
        "gna": "Árbol",
        "nam": "Photinia x Fraseri",
        "nco": "Fotinia",
        "clf": "Otro",
        "sta": "Desbalanceada",
        "vta": "Vital",
        "uve": "Regular",
        "npl": "A Nivel",
        "epl": "Ocupada",
        "alt": 4,
        "dmt": 5,
        "inc": 4,
        "dir": "Suipacha 228",
        "tar": "Arbolado lineal",
        "sag": "DG de Espacios Verdes y Arbolado"
      }
    },
    {
      "type": "Feature",
      "id": "arbolado_publico.fid--22daefbc_19dc07f98be_-34d2",
      "geometry": {
        "type": "Point",
        "coordinates": [-58.37942432, -34.60562968]
      },
      "geometry_name": "geom",
      "properties": {
        "id": 101976,
        "gna": "Árbol",
        "nam": "Photinia x Fraseri",
        "nco": "Fotinia",
        "clf": "Otro",
        "sta": "Balanceada - Bifurcada",
        "vta": "Vital",
        "uve": "Regular",
        "npl": "A Nivel",
        "epl": "Ocupada",
        "alt": 3,
        "dmt": 4,
        "inc": null,
        "dir": "Suipacha 234",
        "tar": "Arbolado lineal",
        "sag": "DG de Espacios Verdes y Arbolado"
      }
    },
    {
      "type": "Feature",
      "id": "arbolado_publico.fid--22daefbc_19dc07f98be_-34d1",
      "geometry": {
        "type": "Point",
        "coordinates": [-58.37942742, -34.60557168]
      },
      "geometry_name": "geom",
      "properties": {
        "id": 101977,
        "gna": "Árbol",
        "nam": "Photinia x Fraseri",
        "nco": "Fotinia",
        "clf": "Otro",
        "sta": "Balanceada - Multicaule",
        "vta": "Vital",
        "uve": "Regular",
        "npl": "A Nivel",
        "epl": "Ocupada",
        "alt": 3,
        "dmt": 4,
        "inc": null,
        "dir": "Suipacha 240",
        "tar": "Arbolado lineal",
        "sag": "DG de Espacios Verdes y Arbolado"
      }
    },
    {
      "type": "Feature",
      "id": "arbolado_publico.fid--22daefbc_19dc07f98be_-34d0",
      "geometry": {
        "type": "Point",
        "coordinates": [-58.37942742, -34.60557168]
      },
      "geometry_name": "geom",
      "properties": {
        "id": 101979,
        "gna": "Árbol",
        "nam": "Photinia x Fraseri",
        "nco": "Fotinia",
        "clf": "Otro",
        "sta": "Balanceada - Multicaule",
        "vta": "Vital",
        "uve": "Regular",
        "npl": "A Nivel",
        "epl": "Ocupada",
        "alt": 3,
        "dmt": 3,
        "inc": null,
        "dir": "Suipacha 240",
        "tar": "Arbolado lineal",
        "sag": "DG de Espacios Verdes y Arbolado"
      }
    },
    {
      "type": "Feature",
      "id": "arbolado_publico.fid--22daefbc_19dc07f98be_-34cf",
      "geometry": {
        "type": "Point",
        "coordinates": [-58.37960264, -34.60281606]
      },
      "geometry_name": "geom",
      "properties": {
        "id": 101981,
        "gna": "Árbol",
        "nam": "Photinia x Fraseri",
        "nco": "Fotinia",
        "clf": "Otro",
        "sta": "Balanceada - Bifurcada",
        "vta": "Vital",
        "uve": "Regular",
        "npl": "Bajo Nivel",
        "epl": "Ocupada",
        "alt": 3,
        "dmt": 5,
        "inc": null,
        "dir": "Suipacha 472",
        "tar": "Arbolado lineal",
        "sag": "DG de Espacios Verdes y Arbolado"
      }
    },
    {
      "type": "Feature",
      "id": "arbolado_publico.fid--22daefbc_19dc07f98be_-34ce",
      "geometry": {
        "type": "Point",
        "coordinates": [-58.37958718, -34.60307227]
      },
      "geometry_name": "geom",
      "properties": {
        "id": 101983,
        "gna": "Árbol",
        "nam": "Photinia x Fraseri",
        "nco": "Fotinia",
        "clf": "Otro",
        "sta": "Balanceada - Multicaule",
        "vta": "Vital",
        "uve": "Regular",
        "npl": "Bajo Nivel",
        "epl": "Ocupada",
        "alt": 3,
        "dmt": 5,
        "inc": null,
        "dir": "Suipacha 446",
        "tar": "Arbolado lineal",
        "sag": "DG de Espacios Verdes y Arbolado"
      }
    },
    {
      "type": "Feature",
      "id": "arbolado_publico.fid--22daefbc_19dc07f98be_-34cd",
      "geometry": {
        "type": "Point",
        "coordinates": [-58.37943463, -34.60543635]
      },
      "geometry_name": "geom",
      "properties": {
        "id": 101985,
        "gna": "Árbol",
        "nam": "Photinia x Fraseri",
        "nco": "Fotinia",
        "clf": "Otro",
        "sta": "Balanceada - Multicaule",
        "vta": "Vital",
        "uve": "Regular",
        "npl": "A Nivel",
        "epl": "Ocupada",
        "alt": 3,
        "dmt": 2,
        "inc": null,
        "dir": "Suipacha 254",
        "tar": "Arbolado lineal",
        "sag": "DG de Espacios Verdes y Arbolado"
      }
    },
    {
      "type": "Feature",
      "id": "arbolado_publico.fid--22daefbc_19dc07f98be_-34cc",
      "geometry": {
        "type": "Point",
        "coordinates": [-58.37958718, -34.60307227]
      },
      "geometry_name": "geom",
      "properties": {
        "id": 101986,
        "gna": "Árbol",
        "nam": "Photinia x Fraseri",
        "nco": "Fotinia",
        "clf": "Otro",
        "sta": "Balanceada",
        "vta": "Vital",
        "uve": "Regular",
        "npl": "Bajo Nivel",
        "epl": "Ocupada",
        "alt": 3,
        "dmt": 3,
        "inc": null,
        "dir": "Suipacha 446",
        "tar": "Arbolado lineal",
        "sag": "DG de Espacios Verdes y Arbolado"
      }
    },
    {
      "type": "Feature",
      "id": "arbolado_publico.fid--22daefbc_19dc07f98be_-34cb",
      "geometry": {
        "type": "Point",
        "coordinates": [-58.37944185, -34.60530102]
      },
      "geometry_name": "geom",
      "properties": {
        "id": 101987,
        "gna": "Árbol",
        "nam": "Photinia x Fraseri",
        "nco": "Fotinia",
        "clf": "Otro",
        "sta": "Sin Estructura",
        "vta": "En Observación",
        "uve": "Regular",
        "npl": "A Nivel",
        "epl": "Ocupada",
        "alt": 3,
        "dmt": 2,
        "inc": null,
        "dir": "Suipacha 268",
        "tar": "Arbolado lineal",
        "sag": "DG de Espacios Verdes y Arbolado"
      }
    },
    {
      "type": "Feature",
      "id": "arbolado_publico.fid--22daefbc_19dc07f98be_-34ca",
      "geometry": {
        "type": "Point",
        "coordinates": [-58.37947934, -34.6046691]
      },
      "geometry_name": "geom",
      "properties": {
        "id": 101989,
        "gna": "Árbol",
        "nam": "Photinia x Fraseri",
        "nco": "Fotinia",
        "clf": "Otro",
        "sta": "Balanceada",
        "vta": "Vital",
        "uve": "Regular",
        "npl": "A Nivel",
        "epl": "Ocupada",
        "alt": 2,
        "dmt": 2,
        "inc": null,
        "dir": "Suipacha 310",
        "tar": "Arbolado lineal",
        "sag": "DG de Espacios Verdes y Arbolado"
      }
    },
    {
      "type": "Feature",
      "id": "arbolado_publico.fid--22daefbc_19dc07f98be_-34c9",
      "geometry": {
        "type": "Point",
        "coordinates": [-58.37948577, -34.6045806]
      },
      "geometry_name": "geom",
      "properties": {
        "id": 101990,
        "gna": "Árbol",
        "nam": "Photinia x Fraseri",
        "nco": "Fotinia",
        "clf": "Otro",
        "sta": "Sin Estructura",
        "vta": "En Observación",
        "uve": "Regular",
        "npl": "A Nivel",
        "epl": "Ocupada",
        "alt": null,
        "dmt": null,
        "inc": null,
        "dir": "Suipacha 318",
        "tar": "Arbolado lineal",
        "sag": "DG de Espacios Verdes y Arbolado"
      }
    },
    {
      "type": "Feature",
      "id": "arbolado_publico.fid--22daefbc_19dc07f98be_-34c8",
      "geometry": {
        "type": "Point",
        "coordinates": [-58.37949541, -34.60444784]
      },
      "geometry_name": "geom",
      "properties": {
        "id": 101991,
        "gna": "Árbol",
        "nam": "Photinia x Fraseri",
        "nco": "Fotinia",
        "clf": "Otro",
        "sta": "Balanceada - Multicaule",
        "vta": "Vital",
        "uve": "Regular",
        "npl": "A Nivel",
        "epl": "Ocupada",
        "alt": 2,
        "dmt": 5,
        "inc": null,
        "dir": "Suipacha 330",
        "tar": "Arbolado lineal",
        "sag": "DG de Espacios Verdes y Arbolado"
      }
    },
    {
      "type": "Feature",
      "id": "arbolado_publico.fid--22daefbc_19dc07f98be_-34c7",
      "geometry": {
        "type": "Point",
        "coordinates": [-58.37950024, -34.60438146]
      },
      "geometry_name": "geom",
      "properties": {
        "id": 101992,
        "gna": "Árbol",
        "nam": "Photinia x Fraseri",
        "nco": "Fotinia",
        "clf": "Otro",
        "sta": "Balanceada - Multicaule",
        "vta": "En Observación",
        "uve": "Regular",
        "npl": "A Nivel",
        "epl": "Ocupada",
        "alt": 2,
        "dmt": 6,
        "inc": null,
        "dir": "Suipacha 336",
        "tar": "Arbolado lineal",
        "sag": "DG de Espacios Verdes y Arbolado"
      }
    },
    {
      "type": "Feature",
      "id": "arbolado_publico.fid--22daefbc_19dc07f98be_-34c6",
      "geometry": {
        "type": "Point",
        "coordinates": [-58.37950827, -34.60427083]
      },
      "geometry_name": "geom",
      "properties": {
        "id": 101993,
        "gna": "Árbol",
        "nam": "Photinia x Fraseri",
        "nco": "Fotinia",
        "clf": "Otro",
        "sta": "Balanceada - Multicaule",
        "vta": "Vital",
        "uve": "Regular",
        "npl": "A Nivel",
        "epl": "Ocupada",
        "alt": 3,
        "dmt": 7,
        "inc": null,
        "dir": "Suipacha 346",
        "tar": "Arbolado lineal",
        "sag": "DG de Espacios Verdes y Arbolado"
      }
    },
    {
      "type": "Feature",
      "id": "arbolado_publico.fid--22daefbc_19dc07f98be_-34c5",
      "geometry": {
        "type": "Point",
        "coordinates": [-58.37951148, -34.60422658]
      },
      "geometry_name": "geom",
      "properties": {
        "id": 101994,
        "gna": "Árbol",
        "nam": "Photinia x Fraseri",
        "nco": "Fotinia",
        "clf": "Otro",
        "sta": "Balanceada - Multicaule",
        "vta": "Vital",
        "uve": "Regular",
        "npl": "A Nivel",
        "epl": "Ocupada",
        "alt": 3,
        "dmt": 7,
        "inc": null,
        "dir": "Suipacha 350",
        "tar": "Arbolado lineal",
        "sag": "DG de Espacios Verdes y Arbolado"
      }
    },
    {
      "type": "Feature",
      "id": "arbolado_publico.fid--22daefbc_19dc07f98be_-34c4",
      "geometry": {
        "type": "Point",
        "coordinates": [-58.37952113, -34.60409382]
      },
      "geometry_name": "geom",
      "properties": {
        "id": 101995,
        "gna": "Árbol",
        "nam": "Photinia x Fraseri",
        "nco": "Fotinia",
        "clf": "Otro",
        "sta": "Balanceada - Multicaule",
        "vta": "Vital",
        "uve": "Regular",
        "npl": "A Nivel",
        "epl": "Ocupada",
        "alt": 3,
        "dmt": 7,
        "inc": null,
        "dir": "Suipacha 362",
        "tar": "Arbolado lineal",
        "sag": "DG de Espacios Verdes y Arbolado"
      }
    },
    {
      "type": "Feature",
      "id": "arbolado_publico.fid--22daefbc_19dc07f98be_-34c3",
      "geometry": {
        "type": "Point",
        "coordinates": [-58.37952755, -34.60400532]
      },
      "geometry_name": "geom",
      "properties": {
        "id": 101997,
        "gna": "Árbol",
        "nam": "Photinia x Fraseri",
        "nco": "Fotinia",
        "clf": "Otro",
        "sta": "Balanceada - Bifurcada",
        "vta": "Vital",
        "uve": "Regular",
        "npl": "A Nivel",
        "epl": "Ocupada",
        "alt": 3,
        "dmt": 7,
        "inc": null,
        "dir": "Suipacha 370",
        "tar": "Arbolado lineal",
        "sag": "DG de Espacios Verdes y Arbolado"
      }
    },
    {
      "type": "Feature",
      "id": "arbolado_publico.fid--22daefbc_19dc07f98be_-34c2",
      "geometry": {
        "type": "Point",
        "coordinates": [-58.37958481, -34.60311169]
      },
      "geometry_name": "geom",
      "properties": {
        "id": 102001,
        "gna": "Árbol",
        "nam": "Photinia x Fraseri",
        "nco": "Fotinia",
        "clf": "Otro",
        "sta": "Balanceada - Bifurcada",
        "vta": "Vital",
        "uve": "Regular",
        "npl": "Bajo Nivel",
        "epl": "Ocupada",
        "alt": 5,
        "dmt": 9,
        "inc": null,
        "dir": "Suipacha 442",
        "tar": "Arbolado lineal",
        "sag": "DG de Espacios Verdes y Arbolado"
      }
    },
    {
      "type": "Feature",
      "id": "arbolado_publico.fid--22daefbc_19dc07f98be_-34c1",
      "geometry": {
        "type": "Point",
        "coordinates": [-58.37953398, -34.60391681]
      },
      "geometry_name": "geom",
      "properties": {
        "id": 102002,
        "gna": "Árbol",
        "nam": "Photinia x Fraseri",
        "nco": "Fotinia",
        "clf": "Otro",
        "sta": "Balanceada - Multicaule",
        "vta": "Vital",
        "uve": "Regular",
        "npl": "A Nivel",
        "epl": "Ocupada",
        "alt": 3,
        "dmt": 7,
        "inc": null,
        "dir": "Suipacha 378",
        "tar": "Arbolado lineal",
        "sag": "DG de Espacios Verdes y Arbolado"
      }
    },
    {
      "type": "Feature",
      "id": "arbolado_publico.fid--22daefbc_19dc07f98be_-34c0",
      "geometry": {
        "type": "Point",
        "coordinates": [-58.37958243, -34.6031511]
      },
      "geometry_name": "geom",
      "properties": {
        "id": 102004,
        "gna": "Árbol",
        "nam": "Photinia x Fraseri",
        "nco": "Fotinia",
        "clf": "Otro",
        "sta": "Desbalanceada",
        "vta": "Vital",
        "uve": "Regular",
        "npl": "Bajo Nivel",
        "epl": "Ocupada",
        "alt": 3,
        "dmt": 8,
        "inc": 12,
        "dir": "Suipacha 438",
        "tar": "Arbolado lineal",
        "sag": "DG de Espacios Verdes y Arbolado"
      }
    },
    {
      "type": "Feature",
      "id": "arbolado_publico.fid--22daefbc_19dc07f98be_-34bf",
      "geometry": {
        "type": "Point",
        "coordinates": [-58.3795388, -34.60385044]
      },
      "geometry_name": "geom",
      "properties": {
        "id": 102005,
        "gna": "Árbol",
        "nam": "Photinia x Fraseri",
        "nco": "Fotinia",
        "clf": "Otro",
        "sta": "Balanceada - Bifurcada",
        "vta": "Vital",
        "uve": "Regular",
        "npl": "A Nivel",
        "epl": "Ocupada",
        "alt": 2,
        "dmt": 5,
        "inc": null,
        "dir": "Suipacha 384",
        "tar": "Arbolado lineal",
        "sag": "DG de Espacios Verdes y Arbolado"
      }
    },
    {
      "type": "Feature",
      "id": "arbolado_publico.fid--22daefbc_19dc07f98be_-34be",
      "geometry": {
        "type": "Point",
        "coordinates": [-58.37957767, -34.60322994]
      },
      "geometry_name": "geom",
      "properties": {
        "id": 102006,
        "gna": "Árbol",
        "nam": "Photinia x Fraseri",
        "nco": "Fotinia",
        "clf": "Otro",
        "sta": "Balanceada - Multicaule",
        "vta": "Vital",
        "uve": "Regular",
        "npl": "Bajo Nivel",
        "epl": "Ocupada",
        "alt": 3,
        "dmt": 9,
        "inc": null,
        "dir": "Suipacha 430",
        "tar": "Arbolado lineal",
        "sag": "DG de Espacios Verdes y Arbolado"
      }
    },
    {
      "type": "Feature",
      "id": "arbolado_publico.fid--22daefbc_19dc07f98be_-34bd",
      "geometry": {
        "type": "Point",
        "coordinates": [-58.37889133, -34.60474573]
      },
      "geometry_name": "geom",
      "properties": {
        "id": 102093,
        "gna": "Árbol",
        "nam": "Photinia x Fraseri",
        "nco": "Fotinia",
        "clf": "Otro",
        "sta": "Balanceada - Multicaule",
        "vta": "Vital",
        "uve": "Regular",
        "npl": "A Nivel",
        "epl": "Ocupada",
        "alt": 3,
        "dmt": 3,
        "inc": null,
        "dir": "Sarmiento 865",
        "tar": "Arbolado lineal",
        "sag": "DG de Espacios Verdes y Arbolado"
      }
    },
    {
      "type": "Feature",
      "id": "arbolado_publico.fid--22daefbc_19dc07f98be_-34bc",
      "geometry": {
        "type": "Point",
        "coordinates": [-58.37857725, -34.60472395]
      },
      "geometry_name": "geom",
      "properties": {
        "id": 102094,
        "gna": "Árbol",
        "nam": "Photinia x Fraseri",
        "nco": "Fotinia",
        "clf": "Otro",
        "sta": "Sin Estructura",
        "vta": "En Observación",
        "uve": "Regular",
        "npl": "A Nivel",
        "epl": "Ocupada",
        "alt": 2,
        "dmt": 3,
        "inc": null,
        "dir": "Sarmiento 839",
        "tar": "Arbolado lineal",
        "sag": "DG de Espacios Verdes y Arbolado"
      }
    },
    {
      "type": "Feature",
      "id": "arbolado_publico.fid--22daefbc_19dc07f98be_-34bb",
      "geometry": {
        "type": "Point",
        "coordinates": [-58.37850478, -34.60471892]
      },
      "geometry_name": "geom",
      "properties": {
        "id": 102095,
        "gna": "Árbol",
        "nam": "Photinia x Fraseri",
        "nco": "Fotinia",
        "clf": "Otro",
        "sta": "Sin Estructura",
        "vta": "En Observación",
        "uve": "Regular",
        "npl": "A Nivel",
        "epl": "Ocupada",
        "alt": null,
        "dmt": 3,
        "inc": null,
        "dir": "Sarmiento 833",
        "tar": "Arbolado lineal",
        "sag": "DG de Espacios Verdes y Arbolado"
      }
    },
    {
      "type": "Feature",
      "id": "arbolado_publico.fid--22daefbc_19dc07f98be_-34ba",
      "geometry": {
        "type": "Point",
        "coordinates": [-58.37850478, -34.60471892]
      },
      "geometry_name": "geom",
      "properties": {
        "id": 102096,
        "gna": "Árbol",
        "nam": "Photinia x Fraseri",
        "nco": "Fotinia",
        "clf": "Otro",
        "sta": "Balanceada - Bifurcada",
        "vta": "Vital",
        "uve": "Regular",
        "npl": "A Nivel",
        "epl": "Ocupada",
        "alt": 3,
        "dmt": 14,
        "inc": null,
        "dir": "Sarmiento 833",
        "tar": "Arbolado lineal",
        "sag": "DG de Espacios Verdes y Arbolado"
      }
    },
    {
      "type": "Feature",
      "id": "arbolado_publico.fid--22daefbc_19dc07f98be_-34b9",
      "geometry": {
        "type": "Point",
        "coordinates": [-58.37845646, -34.60471557]
      },
      "geometry_name": "geom",
      "properties": {
        "id": 102097,
        "gna": "Árbol",
        "nam": "Photinia x Fraseri",
        "nco": "Fotinia",
        "clf": "Otro",
        "sta": "Balanceada",
        "vta": "Vital",
        "uve": "Regular",
        "npl": "A Nivel",
        "epl": "Ocupada",
        "alt": 2,
        "dmt": 2,
        "inc": null,
        "dir": "Sarmiento 829",
        "tar": "Arbolado lineal",
        "sag": "DG de Espacios Verdes y Arbolado"
      }
    },
    {
      "type": "Feature",
      "id": "arbolado_publico.fid--22daefbc_19dc07f98be_-34b8",
      "geometry": {
        "type": "Point",
        "coordinates": [-58.37823902, -34.60470049]
      },
      "geometry_name": "geom",
      "properties": {
        "id": 102098,
        "gna": "Árbol",
        "nam": "Photinia x Fraseri",
        "nco": "Fotinia",
        "clf": "Otro",
        "sta": "Balanceada - Bifurcada",
        "vta": "Vital",
        "uve": "Regular",
        "npl": "A Nivel",
        "epl": "Ocupada",
        "alt": 3,
        "dmt": 3,
        "inc": null,
        "dir": "Sarmiento 811",
        "tar": "Arbolado lineal",
        "sag": "DG de Espacios Verdes y Arbolado"
      }
    },
    {
      "type": "Feature",
      "id": "arbolado_publico.fid--22daefbc_19dc07f98be_-34b7",
      "geometry": {
        "type": "Point",
        "coordinates": [-58.38025176, -34.60468945]
      },
      "geometry_name": "geom",
      "properties": {
        "id": 102111,
        "gna": "Árbol",
        "nam": "Photinia x Fraseri",
        "nco": "Fotinia",
        "clf": "Otro",
        "sta": "Balanceada - Multicaule",
        "vta": "Vital",
        "uve": "Regular",
        "npl": "Bajo Nivel",
        "epl": "Ocupada",
        "alt": 3,
        "dmt": 9,
        "inc": 3,
        "dir": "Carabelas 321",
        "tar": "Arbolado lineal",
        "sag": "DG de Espacios Verdes y Arbolado"
      }
    },
    {
      "type": "Feature",
      "id": "arbolado_publico.fid--22daefbc_19dc07f98be_-34b6",
      "geometry": {
        "type": "Point",
        "coordinates": [-58.3802353, -34.60506172]
      },
      "geometry_name": "geom",
      "properties": {
        "id": 102112,
        "gna": "Árbol",
        "nam": "Photinia x Fraseri",
        "nco": "Fotinia",
        "clf": "Otro",
        "sta": "Balanceada - Bifurcada",
        "vta": "Vital",
        "uve": "Regular",
        "npl": "Bajo Nivel",
        "epl": "Ocupada",
        "alt": 4,
        "dmt": 6,
        "inc": 4,
        "dir": "Carabelas 291",
        "tar": "Arbolado lineal",
        "sag": "DG de Espacios Verdes y Arbolado"
      }
    },
    {
      "type": "Feature",
      "id": "arbolado_publico.fid--22daefbc_19dc07f98be_-34b5",
      "geometry": {
        "type": "Point",
        "coordinates": [-58.38021285, -34.60557046]
      },
      "geometry_name": "geom",
      "properties": {
        "id": 102114,
        "gna": "Árbol",
        "nam": "Photinia x Fraseri",
        "nco": "Fotinia",
        "clf": "Otro",
        "sta": "Balanceada - Bifurcada",
        "vta": "Vital",
        "uve": "Regular",
        "npl": "Bajo Nivel",
        "epl": "Ocupada",
        "alt": 6,
        "dmt": 13,
        "inc": 7,
        "dir": "Carabelas 241",
        "tar": "Arbolado lineal",
        "sag": "DG de Espacios Verdes y Arbolado"
      }
    },
    {
      "type": "Feature",
      "id": "arbolado_publico.fid--22daefbc_19dc07f98be_-34b4",
      "geometry": {
        "type": "Point",
        "coordinates": [-58.38022093, -34.60538731]
      },
      "geometry_name": "geom",
      "properties": {
        "id": 102115,
        "gna": "Árbol",
        "nam": "Photinia x Fraseri",
        "nco": "Fotinia",
        "clf": "Otro",
        "sta": "Balanceada - Bifurcada",
        "vta": "Vital",
        "uve": "Regular",
        "npl": "Bajo Nivel",
        "epl": "Ocupada",
        "alt": 5,
        "dmt": 10,
        "inc": 10,
        "dir": "Carabelas 259",
        "tar": "Arbolado lineal",
        "sag": "DG de Espacios Verdes y Arbolado"
      }
    },
    {
      "type": "Feature",
      "id": "arbolado_publico.fid--22daefbc_19dc07f98be_-34b3",
      "geometry": {
        "type": "Point",
        "coordinates": [-58.38025176, -34.60468945]
      },
      "geometry_name": "geom",
      "properties": {
        "id": 102120,
        "gna": "Árbol",
        "nam": "Photinia x Fraseri",
        "nco": "Fotinia",
        "clf": "Otro",
        "sta": "Balanceada - Bifurcada",
        "vta": "Vital",
        "uve": "Regular",
        "npl": "A Nivel",
        "epl": "Ocupada",
        "alt": 3,
        "dmt": 10,
        "inc": null,
        "dir": "Carabelas 321",
        "tar": "Arbolado lineal",
        "sag": "DG de Espacios Verdes y Arbolado"
      }
    },
    {
      "type": "Feature",
      "id": "arbolado_publico.fid--22daefbc_19dc07f98be_-34b2",
      "geometry": {
        "type": "Point",
        "coordinates": [-58.38025176, -34.60468945]
      },
      "geometry_name": "geom",
      "properties": {
        "id": 102122,
        "gna": "Árbol",
        "nam": "Photinia x Fraseri",
        "nco": "Fotinia",
        "clf": "Otro",
        "sta": "Balanceada - Multicaule",
        "vta": "Vital",
        "uve": "Regular",
        "npl": "A Nivel",
        "epl": "Ocupada",
        "alt": 3,
        "dmt": 8,
        "inc": null,
        "dir": "Carabelas 321",
        "tar": "Arbolado lineal",
        "sag": "DG de Espacios Verdes y Arbolado"
      }
    },
    {
      "type": "Feature",
      "id": "arbolado_publico.fid--22daefbc_19dc07f98be_-34b1",
      "geometry": {
        "type": "Point",
        "coordinates": [-58.38021016, -34.60563151]
      },
      "geometry_name": "geom",
      "properties": {
        "id": 102124,
        "gna": "Árbol",
        "nam": "Photinia x Fraseri",
        "nco": "Fotinia",
        "clf": "Otro",
        "sta": "Balanceada",
        "vta": "Vital",
        "uve": "Regular",
        "npl": "Bajo Nivel",
        "epl": "Ocupada",
        "alt": 4,
        "dmt": 7,
        "inc": null,
        "dir": "Carabelas 235",
        "tar": "Arbolado lineal",
        "sag": "DG de Espacios Verdes y Arbolado"
      }
    },
    {
      "type": "Feature",
      "id": "arbolado_publico.fid--22daefbc_19dc07f98be_-34b0",
      "geometry": {
        "type": "Point",
        "coordinates": [-58.3802317, -34.60514312]
      },
      "geometry_name": "geom",
      "properties": {
        "id": 102125,
        "gna": "Árbol",
        "nam": "Photinia x Fraseri",
        "nco": "Fotinia",
        "clf": "Otro",
        "sta": "Sin Estructura",
        "vta": "En Observación",
        "uve": "Regular",
        "npl": "Bajo Nivel",
        "epl": "Ocupada",
        "alt": 3,
        "dmt": 4,
        "inc": null,
        "dir": "Carabelas 283",
        "tar": "Arbolado lineal",
        "sag": "DG de Espacios Verdes y Arbolado"
      }
    },
    {
      "type": "Feature",
      "id": "arbolado_publico.fid--22daefbc_19dc07f98be_-34af",
      "geometry": {
        "type": "Point",
        "coordinates": [-58.38022452, -34.60530592]
      },
      "geometry_name": "geom",
      "properties": {
        "id": 102126,
        "gna": "Árbol",
        "nam": "Photinia x Fraseri",
        "nco": "Fotinia",
        "clf": "Otro",
        "sta": "Balanceada - Bifurcada",
        "vta": "Vital",
        "uve": "Regular",
        "npl": "Bajo Nivel",
        "epl": "Ocupada",
        "alt": 5,
        "dmt": 11,
        "inc": null,
        "dir": "Carabelas 267",
        "tar": "Arbolado lineal",
        "sag": "DG de Espacios Verdes y Arbolado"
      }
    },
    {
      "type": "Feature",
      "id": "arbolado_publico.fid--22daefbc_19dc07f98be_-34ae",
      "geometry": {
        "type": "Point",
        "coordinates": [-58.37944802, -34.60595793]
      },
      "geometry_name": "geom",
      "properties": {
        "id": 102285,
        "gna": "Árbol",
        "nam": "Photinia x Fraseri",
        "nco": "Fotinia",
        "clf": "Otro",
        "sta": "Balanceada - Bifurcada",
        "vta": "Vital",
        "uve": "Regular",
        "npl": "Bajo Nivel",
        "epl": "Ocupada",
        "alt": 3,
        "dmt": 4,
        "inc": null,
        "dir": "Peron, Juan Domingo, Tte. General 905",
        "tar": "Arbolado lineal",
        "sag": "DG de Espacios Verdes y Arbolado"
      }
    },
    {
      "type": "Feature",
      "id": "arbolado_publico.fid--22daefbc_19dc07f98be_-34ad",
      "geometry": {
        "type": "Point",
        "coordinates": [-58.37885146, -34.60591859]
      },
      "geometry_name": "geom",
      "properties": {
        "id": 102289,
        "gna": "Árbol",
        "nam": "Photinia x Fraseri",
        "nco": "Fotinia",
        "clf": "Otro",
        "sta": "Desbalanceada",
        "vta": "Vital",
        "uve": "Regular",
        "npl": "Bajo Nivel",
        "epl": "Ocupada",
        "alt": 4,
        "dmt": 5,
        "inc": null,
        "dir": "Peron, Juan Domingo, Tte. General 867",
        "tar": "Arbolado lineal",
        "sag": "DG de Espacios Verdes y Arbolado"
      }
    },
    {
      "type": "Feature",
      "id": "arbolado_publico.fid--22daefbc_19dc07f98be_-34ac",
      "geometry": {
        "type": "Point",
        "coordinates": [-58.37885146, -34.60591859]
      },
      "geometry_name": "geom",
      "properties": {
        "id": 102299,
        "gna": "Árbol",
        "nam": "Photinia x Fraseri",
        "nco": "Fotinia",
        "clf": "Otro",
        "sta": "Desbalanceada",
        "vta": "Vital",
        "uve": "Regular",
        "npl": "Bajo Nivel",
        "epl": "Ocupada",
        "alt": 4,
        "dmt": 4,
        "inc": null,
        "dir": "Peron, Juan Domingo, Tte. General 867",
        "tar": "Arbolado lineal",
        "sag": "DG de Espacios Verdes y Arbolado"
      }
    },
    {
      "type": "Feature",
      "id": "arbolado_publico.fid--22daefbc_19dc07f98be_-34ab",
      "geometry": {
        "type": "Point",
        "coordinates": [-58.37885146, -34.60591859]
      },
      "geometry_name": "geom",
      "properties": {
        "id": 102302,
        "gna": "Árbol",
        "nam": "Photinia x Fraseri",
        "nco": "Fotinia",
        "clf": "Otro",
        "sta": "Balanceada - Bifurcada",
        "vta": "Vital",
        "uve": "Regular",
        "npl": "Bajo Nivel",
        "epl": "Ocupada",
        "alt": 3,
        "dmt": 4,
        "inc": null,
        "dir": "Peron, Juan Domingo, Tte. General 867",
        "tar": "Arbolado lineal",
        "sag": "DG de Espacios Verdes y Arbolado"
      }
    },
    {
      "type": "Feature",
      "id": "arbolado_publico.fid--22daefbc_19dc07f98be_-34aa",
      "geometry": {
        "type": "Point",
        "coordinates": [-58.38032297, -34.6044958]
      },
      "geometry_name": "geom",
      "properties": {
        "id": 102308,
        "gna": "Árbol",
        "nam": "Photinia x Fraseri",
        "nco": "Fotinia",
        "clf": "Otro",
        "sta": "Balanceada - Bifurcada",
        "vta": "Vital",
        "uve": "Regular",
        "npl": null,
        "epl": "Ocupada",
        "alt": 4,
        "dmt": 5,
        "inc": 10,
        "dir": "Saenz Peña, Roque, Pres. Diagonal Norte Av. 950",
        "tar": "Arbolado lineal",
        "sag": "DG de Espacios Verdes y Arbolado"
      }
    },
    {
      "type": "Feature",
      "id": "arbolado_publico.fid--22daefbc_19dc07f98be_-34a9",
      "geometry": {
        "type": "Point",
        "coordinates": [-58.38071951, -34.60426415]
      },
      "geometry_name": "geom",
      "properties": {
        "id": 102328,
        "gna": "Árbol",
        "nam": "Photinia x Fraseri",
        "nco": "Fotinia",
        "clf": "Otro",
        "sta": "Balanceada - Bifurcada",
        "vta": "Vital",
        "uve": "Ochava",
        "npl": null,
        "epl": "Ocupada",
        "alt": 3,
        "dmt": 5,
        "inc": null,
        "dir": "Saenz Peña, Roque, Pres. Diagonal Norte Av. 978",
        "tar": "Arbolado lineal",
        "sag": "DG de Espacios Verdes y Arbolado"
      }
    },
    {
      "type": "Feature",
      "id": "arbolado_publico.fid--22daefbc_19dc07f98be_-34a8",
      "geometry": {
        "type": "Point",
        "coordinates": [-58.37885146, -34.60591859]
      },
      "geometry_name": "geom",
      "properties": {
        "id": 102329,
        "gna": "Árbol",
        "nam": "Photinia x Fraseri",
        "nco": "Fotinia",
        "clf": "Otro",
        "sta": "Desbalanceada",
        "vta": "Vital",
        "uve": "Regular",
        "npl": "Bajo Nivel",
        "epl": "Ocupada",
        "alt": 4,
        "dmt": 4,
        "inc": null,
        "dir": "Peron, Juan Domingo, Tte. General 867",
        "tar": "Arbolado lineal",
        "sag": "DG de Espacios Verdes y Arbolado"
      }
    },
    {
      "type": "Feature",
      "id": "arbolado_publico.fid--22daefbc_19dc07f98be_-34a7",
      "geometry": {
        "type": "Point",
        "coordinates": [-58.37996452, -34.60468397]
      },
      "geometry_name": "geom",
      "properties": {
        "id": 102358,
        "gna": "Árbol",
        "nam": "Photinia x Fraseri",
        "nco": "Fotinia",
        "clf": "Otro",
        "sta": "Balanceada - Multicaule",
        "vta": "Vital",
        "uve": "Regular",
        "npl": null,
        "epl": "Ocupada",
        "alt": 4,
        "dmt": 5,
        "inc": null,
        "dir": "Saenz Peña, Roque, Pres. Diagonal Norte Av. 926",
        "tar": "Arbolado lineal",
        "sag": "DG de Espacios Verdes y Arbolado"
      }
    },
    {
      "type": "Feature",
      "id": "arbolado_publico.fid--22daefbc_19dc07f98be_-34a6",
      "geometry": {
        "type": "Point",
        "coordinates": [-58.3794006, -34.6059548]
      },
      "geometry_name": "geom",
      "properties": {
        "id": 102360,
        "gna": "Árbol",
        "nam": "Photinia x Fraseri",
        "nco": "Fotinia",
        "clf": "Otro",
        "sta": "Balanceada - Bifurcada",
        "vta": "Vital",
        "uve": "Regular",
        "npl": "Bajo Nivel",
        "epl": "Ocupada",
        "alt": 3,
        "dmt": 4,
        "inc": null,
        "dir": "Peron, Juan Domingo, Tte. General 901",
        "tar": "Arbolado lineal",
        "sag": "DG de Espacios Verdes y Arbolado"
      }
    },
    {
      "type": "Feature",
      "id": "arbolado_publico.fid--22daefbc_19dc07f98be_-34a5",
      "geometry": {
        "type": "Point",
        "coordinates": [-58.38020349, -34.60455852]
      },
      "geometry_name": "geom",
      "properties": {
        "id": 102366,
        "gna": "Árbol",
        "nam": "Photinia x Fraseri",
        "nco": "Fotinia",
        "clf": "Otro",
        "sta": "Balanceada",
        "vta": "Vital",
        "uve": "Ochava",
        "npl": null,
        "epl": "Ocupada",
        "alt": 3,
        "dmt": 5,
        "inc": 15,
        "dir": "Saenz Peña, Roque, Pres. Diagonal Norte Av. 942",
        "tar": "Arbolado lineal",
        "sag": "DG de Espacios Verdes y Arbolado"
      }
    },
    {
      "type": "Feature",
      "id": "arbolado_publico.fid--22daefbc_19dc07f98be_-34a4",
      "geometry": {
        "type": "Point",
        "coordinates": [-58.37916593, -34.60593932]
      },
      "geometry_name": "geom",
      "properties": {
        "id": 102368,
        "gna": "Árbol",
        "nam": "Photinia x Fraseri",
        "nco": "Fotinia",
        "clf": "Otro",
        "sta": "Desbalanceada",
        "vta": "Vital",
        "uve": "Regular",
        "npl": "Bajo Nivel",
        "epl": "Ocupada",
        "alt": 3,
        "dmt": 4,
        "inc": null,
        "dir": "Peron, Juan Domingo, Tte. General 893",
        "tar": "Arbolado lineal",
        "sag": "DG de Espacios Verdes y Arbolado"
      }
    },
    {
      "type": "Feature",
      "id": "arbolado_publico.fid--22daefbc_19dc07f98be_-34a3",
      "geometry": {
        "type": "Point",
        "coordinates": [-58.37804107, -34.60599174]
      },
      "geometry_name": "geom",
      "properties": {
        "id": 102369,
        "gna": "Árbol",
        "nam": "Photinia x Fraseri",
        "nco": "Fotinia",
        "clf": "Otro",
        "sta": "Sin Estructura",
        "vta": "En Observación",
        "uve": "Regular",
        "npl": "Bajo Nivel",
        "epl": "Ocupada",
        "alt": 3,
        "dmt": 2,
        "inc": null,
        "dir": "Peron, Juan Domingo, Tte. General 802",
        "tar": "Arbolado lineal",
        "sag": "DG de Espacios Verdes y Arbolado"
      }
    },
    {
      "type": "Feature",
      "id": "arbolado_publico.fid--22daefbc_19dc07f98be_-34a2",
      "geometry": {
        "type": "Point",
        "coordinates": [-58.37846443, -34.60589306]
      },
      "geometry_name": "geom",
      "properties": {
        "id": 102373,
        "gna": "Árbol",
        "nam": "Photinia x Fraseri",
        "nco": "Fotinia",
        "clf": "Otro",
        "sta": "Balanceada",
        "vta": "Vital",
        "uve": "Regular",
        "npl": "Bajo Nivel",
        "epl": "Ocupada",
        "alt": 3,
        "dmt": 2,
        "inc": null,
        "dir": "Peron, Juan Domingo, Tte. General 835",
        "tar": "Arbolado lineal",
        "sag": "DG de Espacios Verdes y Arbolado"
      }
    },
    {
      "type": "Feature",
      "id": "arbolado_publico.fid--22daefbc_19dc07f98be_-34a1",
      "geometry": {
        "type": "Point",
        "coordinates": [-58.37824672, -34.60587871]
      },
      "geometry_name": "geom",
      "properties": {
        "id": 102388,
        "gna": "Árbol",
        "nam": "Photinia x Fraseri",
        "nco": "Fotinia",
        "clf": "Otro",
        "sta": "Desbalanceada",
        "vta": "Vital",
        "uve": "Regular",
        "npl": "Bajo Nivel",
        "epl": "Ocupada",
        "alt": 3,
        "dmt": 4,
        "inc": null,
        "dir": "Peron, Juan Domingo, Tte. General 817",
        "tar": "Arbolado lineal",
        "sag": "DG de Espacios Verdes y Arbolado"
      }
    },
    {
      "type": "Feature",
      "id": "arbolado_publico.fid--22daefbc_19dc07f98be_-34a0",
      "geometry": {
        "type": "Point",
        "coordinates": [-58.37804107, -34.60599174]
      },
      "geometry_name": "geom",
      "properties": {
        "id": 102400,
        "gna": "Árbol",
        "nam": "Photinia x Fraseri",
        "nco": "Fotinia",
        "clf": "Otro",
        "sta": "Balanceada - Bifurcada",
        "vta": "Vital",
        "uve": "Regular",
        "npl": "Bajo Nivel",
        "epl": "Ocupada",
        "alt": 3,
        "dmt": 4,
        "inc": null,
        "dir": "Peron, Juan Domingo, Tte. General 802",
        "tar": "Arbolado lineal",
        "sag": "DG de Espacios Verdes y Arbolado"
      }
    },
    {
      "type": "Feature",
      "id": "arbolado_publico.fid--22daefbc_19dc07f98be_-349f",
      "geometry": {
        "type": "Point",
        "coordinates": [-58.37804107, -34.60599174]
      },
      "geometry_name": "geom",
      "properties": {
        "id": 102407,
        "gna": "Árbol",
        "nam": "Photinia x Fraseri",
        "nco": "Fotinia",
        "clf": "Otro",
        "sta": "Desbalanceada",
        "vta": "Vital",
        "uve": "Regular",
        "npl": "Bajo Nivel",
        "epl": "Ocupada",
        "alt": 3,
        "dmt": 4,
        "inc": null,
        "dir": "Peron, Juan Domingo, Tte. General 802",
        "tar": "Arbolado lineal",
        "sag": "DG de Espacios Verdes y Arbolado"
      }
    },
    {
      "type": "Feature",
      "id": "arbolado_publico.fid--22daefbc_19dc07f98be_-349e",
      "geometry": {
        "type": "Point",
        "coordinates": [-58.37968389, -34.60596941]
      },
      "geometry_name": "geom",
      "properties": {
        "id": 102410,
        "gna": "Árbol",
        "nam": "Photinia x Fraseri",
        "nco": "Fotinia",
        "clf": "Otro",
        "sta": "Desbalanceada",
        "vta": "Vital",
        "uve": "Regular",
        "npl": "Bajo Nivel",
        "epl": "Ocupada",
        "alt": 3,
        "dmt": 3,
        "inc": 6,
        "dir": "Peron, Juan Domingo, Tte. General 925",
        "tar": "Arbolado lineal",
        "sag": "DG de Espacios Verdes y Arbolado"
      }
    },
    {
      "type": "Feature",
      "id": "arbolado_publico.fid--22daefbc_19dc07f98be_-349d",
      "geometry": {
        "type": "Point",
        "coordinates": [-58.37804107, -34.60599174]
      },
      "geometry_name": "geom",
      "properties": {
        "id": 102411,
        "gna": "Árbol",
        "nam": "Photinia x Fraseri",
        "nco": "Fotinia",
        "clf": "Otro",
        "sta": "Balanceada - Bifurcada",
        "vta": "Vital",
        "uve": "Regular",
        "npl": "Bajo Nivel",
        "epl": "Ocupada",
        "alt": 3,
        "dmt": 4,
        "inc": null,
        "dir": "Peron, Juan Domingo, Tte. General 802",
        "tar": "Arbolado lineal",
        "sag": "DG de Espacios Verdes y Arbolado"
      }
    },
    {
      "type": "Feature",
      "id": "arbolado_publico.fid--22daefbc_19dc07f98be_-349c",
      "geometry": {
        "type": "Point",
        "coordinates": [-58.3795889, -34.6059648]
      },
      "geometry_name": "geom",
      "properties": {
        "id": 102412,
        "gna": "Árbol",
        "nam": "Photinia x Fraseri",
        "nco": "Fotinia",
        "clf": "Otro",
        "sta": "Balanceada - Bifurcada",
        "vta": "Vital",
        "uve": "Regular",
        "npl": "Bajo Nivel",
        "epl": "Ocupada",
        "alt": 3,
        "dmt": 4,
        "inc": null,
        "dir": "Peron, Juan Domingo, Tte. General 917",
        "tar": "Arbolado lineal",
        "sag": "DG de Espacios Verdes y Arbolado"
      }
    },
    {
      "type": "Feature",
      "id": "arbolado_publico.fid--22daefbc_19dc07f98be_-349b",
      "geometry": {
        "type": "Point",
        "coordinates": [-58.37814528, -34.60376204]
      },
      "geometry_name": "geom",
      "properties": {
        "id": 102529,
        "gna": "Árbol",
        "nam": "Photinia x Fraseri",
        "nco": "Fotinia",
        "clf": "Otro",
        "sta": "Balanceada",
        "vta": "Escasa Foliación",
        "uve": "Regular",
        "npl": "A Nivel",
        "epl": "Ocupada",
        "alt": 2,
        "dmt": 2,
        "inc": null,
        "dir": "Esmeralda 384",
        "tar": "Arbolado lineal",
        "sag": "DG de Espacios Verdes y Arbolado"
      }
    },
    {
      "type": "Feature",
      "id": "arbolado_publico.fid--22daefbc_19dc07f98be_-349a",
      "geometry": {
        "type": "Point",
        "coordinates": [-58.37813219, -34.60400388]
      },
      "geometry_name": "geom",
      "properties": {
        "id": 102534,
        "gna": "Árbol",
        "nam": "Photinia x Fraseri",
        "nco": "Fotinia",
        "clf": "Otro",
        "sta": "Balanceada - Multicaule",
        "vta": "Vital",
        "uve": "Regular",
        "npl": "A Nivel",
        "epl": "Ocupada",
        "alt": 2,
        "dmt": 2,
        "inc": null,
        "dir": "Esmeralda 362",
        "tar": "Arbolado lineal",
        "sag": "DG de Espacios Verdes y Arbolado"
      }
    },
    {
      "type": "Feature",
      "id": "arbolado_publico.fid--22daefbc_19dc07f98be_-3498",
      "geometry": {
        "type": "Point",
        "coordinates": [-58.37812862, -34.60406984]
      },
      "geometry_name": "geom",
      "properties": {
        "id": 102545,
        "gna": "Árbol",
        "nam": "Photinia x Fraseri",
        "nco": "Fotinia",
        "clf": "Otro",
        "sta": "Balanceada",
        "vta": "Vital",
        "uve": "Regular",
        "npl": "Bajo Nivel",
        "epl": "Ocupada",
        "alt": 4,
        "dmt": 3,
        "inc": null,
        "dir": "Esmeralda 356",
        "tar": "Arbolado lineal",
        "sag": "DG de Espacios Verdes y Arbolado"
      }
    },
    {
      "type": "Feature",
      "id": "arbolado_publico.fid--22daefbc_19dc07f98be_-3497",
      "geometry": {
        "type": "Point",
        "coordinates": [-58.37812743, -34.60409183]
      },
      "geometry_name": "geom",
      "properties": {
        "id": 102546,
        "gna": "Árbol",
        "nam": "Photinia x Fraseri",
        "nco": "Fotinia",
        "clf": "Otro",
        "sta": "Balanceada - Multicaule",
        "vta": "Vital",
        "uve": "Regular",
        "npl": "A Nivel",
        "epl": "Ocupada",
        "alt": 2,
        "dmt": 2,
        "inc": null,
        "dir": "Esmeralda 354",
        "tar": "Arbolado lineal",
        "sag": "DG de Espacios Verdes y Arbolado"
      }
    },
    {
      "type": "Feature",
      "id": "arbolado_publico.fid--22daefbc_19dc07f98be_-3496",
      "geometry": {
        "type": "Point",
        "coordinates": [-58.37812623, -34.60411381]
      },
      "geometry_name": "geom",
      "properties": {
        "id": 102547,
        "gna": "Árbol",
        "nam": "Photinia x Fraseri",
        "nco": "Fotinia",
        "clf": "Otro",
        "sta": "Balanceada - Multicaule",
        "vta": "En Observación",
        "uve": "Regular",
        "npl": "A Nivel",
        "epl": "Ocupada",
        "alt": 4,
        "dmt": 3,
        "inc": null,
        "dir": "Esmeralda 352",
        "tar": "Arbolado lineal",
        "sag": "DG de Espacios Verdes y Arbolado"
      }
    },
    {
      "type": "Feature",
      "id": "arbolado_publico.fid--22daefbc_19dc07f98be_-3495",
      "geometry": {
        "type": "Point",
        "coordinates": [-58.37812266, -34.60417977]
      },
      "geometry_name": "geom",
      "properties": {
        "id": 102548,
        "gna": "Árbol",
        "nam": "Photinia x Fraseri",
        "nco": "Fotinia",
        "clf": "Otro",
        "sta": "Balanceada",
        "vta": "Vital",
        "uve": "Regular",
        "npl": "A Nivel",
        "epl": "Ocupada",
        "alt": 4,
        "dmt": 3,
        "inc": null,
        "dir": "Esmeralda 346",
        "tar": "Arbolado lineal",
        "sag": "DG de Espacios Verdes y Arbolado"
      }
    },
    {
      "type": "Feature",
      "id": "arbolado_publico.fid--22daefbc_19dc07f98be_-3494",
      "geometry": {
        "type": "Point",
        "coordinates": [-58.37810718, -34.60446558]
      },
      "geometry_name": "geom",
      "properties": {
        "id": 102554,
        "gna": "Árbol",
        "nam": "Photinia x Fraseri",
        "nco": "Fotinia",
        "clf": "Otro",
        "sta": "Balanceada",
        "vta": "Vital",
        "uve": "Regular",
        "npl": "A Nivel",
        "epl": "Ocupada",
        "alt": 2,
        "dmt": 2,
        "inc": null,
        "dir": "Esmeralda 320",
        "tar": "Arbolado lineal",
        "sag": "DG de Espacios Verdes y Arbolado"
      }
    },
    {
      "type": "Feature",
      "id": "arbolado_publico.fid--22daefbc_19dc07f98be_-3493",
      "geometry": {
        "type": "Point",
        "coordinates": [-58.37809647, -34.60466345]
      },
      "geometry_name": "geom",
      "properties": {
        "id": 102555,
        "gna": "Árbol",
        "nam": "Photinia x Fraseri",
        "nco": "Fotinia",
        "clf": "Otro",
        "sta": "Balanceada",
        "vta": "Vital",
        "uve": "Regular",
        "npl": "A Nivel",
        "epl": "Ocupada",
        "alt": 2,
        "dmt": 2,
        "inc": null,
        "dir": "Esmeralda 302",
        "tar": "Arbolado lineal",
        "sag": "DG de Espacios Verdes y Arbolado"
      }
    },
    {
      "type": "Feature",
      "id": "arbolado_publico.fid--22daefbc_19dc07f98be_-3492",
      "geometry": {
        "type": "Point",
        "coordinates": [-58.37824875, -34.60147125]
      },
      "geometry_name": "geom",
      "properties": {
        "id": 102559,
        "gna": "Árbol",
        "nam": "Photinia x Fraseri",
        "nco": "Fotinia",
        "clf": "Otro",
        "sta": "Balanceada",
        "vta": "Vital",
        "uve": "Regular",
        "npl": "A Nivel",
        "epl": "Ocupada",
        "alt": 3,
        "dmt": 3,
        "inc": null,
        "dir": "Esmeralda 584",
        "tar": "Arbolado lineal",
        "sag": "DG de Espacios Verdes y Arbolado"
      }
    },
    {
      "type": "Feature",
      "id": "arbolado_publico.fid--22daefbc_19dc07f98be_-3491",
      "geometry": {
        "type": "Point",
        "coordinates": [-58.37824766, -34.60149159]
      },
      "geometry_name": "geom",
      "properties": {
        "id": 102560,
        "gna": "Árbol",
        "nam": "Photinia x Fraseri",
        "nco": "Fotinia",
        "clf": "Otro",
        "sta": "Balanceada - Bifurcada",
        "vta": "Vital",
        "uve": "Regular",
        "npl": "A Nivel",
        "epl": "Ocupada",
        "alt": 3,
        "dmt": 3,
        "inc": 4,
        "dir": "Esmeralda 582",
        "tar": "Arbolado lineal",
        "sag": "DG de Espacios Verdes y Arbolado"
      }
    },
    {
      "type": "Feature",
      "id": "arbolado_publico.fid--22daefbc_19dc07f98be_-3490",
      "geometry": {
        "type": "Point",
        "coordinates": [-58.37824549, -34.60153228]
      },
      "geometry_name": "geom",
      "properties": {
        "id": 102561,
        "gna": "Árbol",
        "nam": "Photinia x Fraseri",
        "nco": "Fotinia",
        "clf": "Otro",
        "sta": "Balanceada - Bifurcada",
        "vta": "Vital",
        "uve": "Regular",
        "npl": "A Nivel",
        "epl": "Ocupada",
        "alt": 5,
        "dmt": 4,
        "inc": null,
        "dir": "Esmeralda 578",
        "tar": "Arbolado lineal",
        "sag": "DG de Espacios Verdes y Arbolado"
      }
    },
    {
      "type": "Feature",
      "id": "arbolado_publico.fid--22daefbc_19dc07f98be_-348f",
      "geometry": {
        "type": "Point",
        "coordinates": [-58.37823789, -34.60167468]
      },
      "geometry_name": "geom",
      "properties": {
        "id": 102562,
        "gna": "Árbol",
        "nam": "Photinia x Fraseri",
        "nco": "Fotinia",
        "clf": "Otro",
        "sta": "Balanceada - Multicaule",
        "vta": "Vital",
        "uve": "Regular",
        "npl": "A Nivel",
        "epl": "Ocupada",
        "alt": 3,
        "dmt": 3,
        "inc": null,
        "dir": "Esmeralda 564",
        "tar": "Arbolado lineal",
        "sag": "DG de Espacios Verdes y Arbolado"
      }
    },
    {
      "type": "Feature",
      "id": "arbolado_publico.fid--22daefbc_19dc07f98be_-348e",
      "geometry": {
        "type": "Point",
        "coordinates": [-58.37823681, -34.60169503]
      },
      "geometry_name": "geom",
      "properties": {
        "id": 102565,
        "gna": "Árbol",
        "nam": "Photinia x Fraseri",
        "nco": "Fotinia",
        "clf": "Otro",
        "sta": "Balanceada - Multicaule",
        "vta": "Vital",
        "uve": "Regular",
        "npl": "A Nivel",
        "epl": "Ocupada",
        "alt": 4,
        "dmt": 4,
        "inc": null,
        "dir": "Esmeralda 562",
        "tar": "Arbolado lineal",
        "sag": "DG de Espacios Verdes y Arbolado"
      }
    },
    {
      "type": "Feature",
      "id": "arbolado_publico.fid--22daefbc_19dc07f98be_-348d",
      "geometry": {
        "type": "Point",
        "coordinates": [-58.37822921, -34.60183743]
      },
      "geometry_name": "geom",
      "properties": {
        "id": 102566,
        "gna": "Árbol",
        "nam": "Photinia x Fraseri",
        "nco": "Fotinia",
        "clf": "Otro",
        "sta": "Sin Estructura",
        "vta": "En Observación",
        "uve": "Regular",
        "npl": "A Nivel",
        "epl": "Ocupada",
        "alt": 3,
        "dmt": 2,
        "inc": null,
        "dir": "Esmeralda 548",
        "tar": "Arbolado lineal",
        "sag": "DG de Espacios Verdes y Arbolado"
      }
    },
    {
      "type": "Feature",
      "id": "arbolado_publico.fid--22daefbc_19dc07f98be_-348c",
      "geometry": {
        "type": "Point",
        "coordinates": [-58.37822162, -34.60197984]
      },
      "geometry_name": "geom",
      "properties": {
        "id": 102568,
        "gna": "Árbol",
        "nam": "Photinia x Fraseri",
        "nco": "Fotinia",
        "clf": "Otro",
        "sta": "Balanceada - Multicaule",
        "vta": "Vital",
        "uve": "Regular",
        "npl": "A Nivel",
        "epl": "Ocupada",
        "alt": 2,
        "dmt": 2,
        "inc": null,
        "dir": "Esmeralda 534",
        "tar": "Arbolado lineal",
        "sag": "DG de Espacios Verdes y Arbolado"
      }
    },
    {
      "type": "Feature",
      "id": "arbolado_publico.fid--22daefbc_19dc07f98be_-348b",
      "geometry": {
        "type": "Point",
        "coordinates": [-58.37822053, -34.60200018]
      },
      "geometry_name": "geom",
      "properties": {
        "id": 102569,
        "gna": "Árbol",
        "nam": "Photinia x Fraseri",
        "nco": "Fotinia",
        "clf": "Otro",
        "sta": "Balanceada",
        "vta": "Vital",
        "uve": "Regular",
        "npl": "A Nivel",
        "epl": "Ocupada",
        "alt": 3,
        "dmt": 3,
        "inc": null,
        "dir": "Esmeralda 532",
        "tar": "Arbolado lineal",
        "sag": "DG de Espacios Verdes y Arbolado"
      }
    },
    {
      "type": "Feature",
      "id": "arbolado_publico.fid--22daefbc_19dc07f98be_-348a",
      "geometry": {
        "type": "Point",
        "coordinates": [-58.37821402, -34.60212224]
      },
      "geometry_name": "geom",
      "properties": {
        "id": 102571,
        "gna": "Árbol",
        "nam": "Photinia x Fraseri",
        "nco": "Fotinia",
        "clf": "Otro",
        "sta": "Balanceada - Bifurcada",
        "vta": "Vital",
        "uve": "Regular",
        "npl": "A Nivel",
        "epl": "Ocupada",
        "alt": 3,
        "dmt": 3,
        "inc": null,
        "dir": "Esmeralda 520",
        "tar": "Arbolado lineal",
        "sag": "DG de Espacios Verdes y Arbolado"
      }
    },
    {
      "type": "Feature",
      "id": "arbolado_publico.fid--22daefbc_19dc07f98be_-3489",
      "geometry": {
        "type": "Point",
        "coordinates": [-58.37818857, -34.60263906]
      },
      "geometry_name": "geom",
      "properties": {
        "id": 102576,
        "gna": "Árbol",
        "nam": "Photinia x Fraseri",
        "nco": "Fotinia",
        "clf": "Otro",
        "sta": "Balanceada - Multicaule",
        "vta": "Vital",
        "uve": "Regular",
        "npl": "Bajo Nivel",
        "epl": "Ocupada",
        "alt": 3,
        "dmt": 3,
        "inc": null,
        "dir": "Esmeralda 482",
        "tar": "Arbolado lineal",
        "sag": "DG de Espacios Verdes y Arbolado"
      }
    },
    {
      "type": "Feature",
      "id": "arbolado_publico.fid--22daefbc_19dc07f98be_-3488",
      "geometry": {
        "type": "Point",
        "coordinates": [-58.37818857, -34.60263906]
      },
      "geometry_name": "geom",
      "properties": {
        "id": 102577,
        "gna": "Árbol",
        "nam": "Photinia x Fraseri",
        "nco": "Fotinia",
        "clf": "Otro",
        "sta": "Balanceada - Multicaule",
        "vta": "Vital",
        "uve": "Regular",
        "npl": "Bajo Nivel",
        "epl": "Ocupada",
        "alt": 3,
        "dmt": 2,
        "inc": null,
        "dir": "Esmeralda 482",
        "tar": "Arbolado lineal",
        "sag": "DG de Espacios Verdes y Arbolado"
      }
    },
    {
      "type": "Feature",
      "id": "arbolado_publico.fid--22daefbc_19dc07f98be_-3487",
      "geometry": {
        "type": "Point",
        "coordinates": [-58.3781827, -34.60279518]
      },
      "geometry_name": "geom",
      "properties": {
        "id": 102578,
        "gna": "Árbol",
        "nam": "Photinia x Fraseri",
        "nco": "Fotinia",
        "clf": "Otro",
        "sta": "Desbalanceada",
        "vta": "Vital",
        "uve": "Regular",
        "npl": "Bajo Nivel",
        "epl": "Ocupada",
        "alt": 2,
        "dmt": 2,
        "inc": 3,
        "dir": "Esmeralda 466",
        "tar": "Arbolado lineal",
        "sag": "DG de Espacios Verdes y Arbolado"
      }
    },
    {
      "type": "Feature",
      "id": "arbolado_publico.fid--22daefbc_19dc07f98be_-3486",
      "geometry": {
        "type": "Point",
        "coordinates": [-58.3781827, -34.60279518]
      },
      "geometry_name": "geom",
      "properties": {
        "id": 102580,
        "gna": "Árbol",
        "nam": "Photinia x Fraseri",
        "nco": "Fotinia",
        "clf": "Otro",
        "sta": "Balanceada",
        "vta": "Vital",
        "uve": "Regular",
        "npl": "Bajo Nivel",
        "epl": "Ocupada",
        "alt": 2,
        "dmt": 2,
        "inc": null,
        "dir": "Esmeralda 466",
        "tar": "Arbolado lineal",
        "sag": "DG de Espacios Verdes y Arbolado"
      }
    },
    {
      "type": "Feature",
      "id": "arbolado_publico.fid--22daefbc_19dc07f98be_-3485",
      "geometry": {
        "type": "Point",
        "coordinates": [-58.3781827, -34.60279518]
      },
      "geometry_name": "geom",
      "properties": {
        "id": 102582,
        "gna": "Árbol",
        "nam": "Photinia x Fraseri",
        "nco": "Fotinia",
        "clf": "Otro",
        "sta": "Balanceada - Bifurcada",
        "vta": "Escasa Foliación",
        "uve": "Regular",
        "npl": "Bajo Nivel",
        "epl": "Ocupada",
        "alt": 3,
        "dmt": 3,
        "inc": null,
        "dir": "Esmeralda 466",
        "tar": "Arbolado lineal",
        "sag": "DG de Espacios Verdes y Arbolado"
      }
    },
    {
      "type": "Feature",
      "id": "arbolado_publico.fid--22daefbc_19dc07f98be_-3484",
      "geometry": {
        "type": "Point",
        "coordinates": [-58.3781827, -34.60279518]
      },
      "geometry_name": "geom",
      "properties": {
        "id": 102583,
        "gna": "Árbol",
        "nam": "Photinia x Fraseri",
        "nco": "Fotinia",
        "clf": "Otro",
        "sta": "Balanceada",
        "vta": "Vital",
        "uve": "Regular",
        "npl": "Bajo Nivel",
        "epl": "Ocupada",
        "alt": 3,
        "dmt": 3,
        "inc": null,
        "dir": "Esmeralda 466",
        "tar": "Arbolado lineal",
        "sag": "DG de Espacios Verdes y Arbolado"
      }
    },
    {
      "type": "Feature",
      "id": "arbolado_publico.fid--22daefbc_19dc07f98be_-3483",
      "geometry": {
        "type": "Point",
        "coordinates": [-58.37817171, -34.60308791]
      },
      "geometry_name": "geom",
      "properties": {
        "id": 102584,
        "gna": "Árbol",
        "nam": "Photinia x Fraseri",
        "nco": "Fotinia",
        "clf": "Otro",
        "sta": "Balanceada - Bifurcada",
        "vta": "Escasa Foliación",
        "uve": "Regular",
        "npl": "Bajo Nivel",
        "epl": "Ocupada",
        "alt": 3,
        "dmt": 3,
        "inc": null,
        "dir": "Esmeralda 436",
        "tar": "Arbolado lineal",
        "sag": "DG de Espacios Verdes y Arbolado"
      }
    },
    {
      "type": "Feature",
      "id": "arbolado_publico.fid--22daefbc_19dc07f98be_-3482",
      "geometry": {
        "type": "Point",
        "coordinates": [-58.37816878, -34.60316597]
      },
      "geometry_name": "geom",
      "properties": {
        "id": 102586,
        "gna": "Árbol",
        "nam": "Photinia x Fraseri",
        "nco": "Fotinia",
        "clf": "Otro",
        "sta": "Balanceada - Bifurcada",
        "vta": "Vital",
        "uve": "Regular",
        "npl": "Bajo Nivel",
        "epl": "Ocupada",
        "alt": 3,
        "dmt": 3,
        "inc": null,
        "dir": "Esmeralda 428",
        "tar": "Arbolado lineal",
        "sag": "DG de Espacios Verdes y Arbolado"
      }
    },
    {
      "type": "Feature",
      "id": "arbolado_publico.fid--22daefbc_19dc07f98be_-3481",
      "geometry": {
        "type": "Point",
        "coordinates": [-58.37816878, -34.60316597]
      },
      "geometry_name": "geom",
      "properties": {
        "id": 102590,
        "gna": "Árbol",
        "nam": "Photinia x Fraseri",
        "nco": "Fotinia",
        "clf": "Otro",
        "sta": "Balanceada - Multicaule",
        "vta": "Vital",
        "uve": "Regular",
        "npl": "Bajo Nivel",
        "epl": "Ocupada",
        "alt": 3,
        "dmt": 3,
        "inc": null,
        "dir": "Esmeralda 428",
        "tar": "Arbolado lineal",
        "sag": "DG de Espacios Verdes y Arbolado"
      }
    },
    {
      "type": "Feature",
      "id": "arbolado_publico.fid--22daefbc_19dc07f98be_-3480",
      "geometry": {
        "type": "Point",
        "coordinates": [-58.37815925, -34.60341967]
      },
      "geometry_name": "geom",
      "properties": {
        "id": 102591,
        "gna": "Árbol",
        "nam": "Photinia x Fraseri",
        "nco": "Fotinia",
        "clf": "Otro",
        "sta": "Balanceada - Bifurcada",
        "vta": "Vital",
        "uve": "Regular",
        "npl": "Bajo Nivel",
        "epl": "Ocupada",
        "alt": 3,
        "dmt": 3,
        "inc": null,
        "dir": "Esmeralda 402",
        "tar": "Arbolado lineal",
        "sag": "DG de Espacios Verdes y Arbolado"
      }
    },
    {
      "type": "Feature",
      "id": "arbolado_publico.fid--22daefbc_19dc07f98be_-347f",
      "geometry": {
        "type": "Point",
        "coordinates": [-58.37826948, -34.60100534]
      },
      "geometry_name": "geom",
      "properties": {
        "id": 102611,
        "gna": "Árbol",
        "nam": "Photinia x Fraseri",
        "nco": "Fotinia",
        "clf": "Otro",
        "sta": "Balanceada",
        "vta": "Vital",
        "uve": "Regular",
        "npl": "A Nivel",
        "epl": "Ocupada",
        "alt": 3,
        "dmt": 9,
        "inc": 10,
        "dir": "Esmeralda 616",
        "tar": "Arbolado lineal",
        "sag": "DG de Espacios Verdes y Arbolado"
      }
    },
    {
      "type": "Feature",
      "id": "arbolado_publico.fid--22daefbc_19dc07f98be_-347e",
      "geometry": {
        "type": "Point",
        "coordinates": [-58.37811689, -34.60100296]
      },
      "geometry_name": "geom",
      "properties": {
        "id": 102614,
        "gna": "Árbol",
        "nam": "Photinia x Fraseri",
        "nco": "Fotinia",
        "clf": "Otro",
        "sta": "Balanceada",
        "vta": "Vital",
        "uve": "Regular",
        "npl": "A Nivel",
        "epl": "Ocupada",
        "alt": 4,
        "dmt": 3,
        "inc": null,
        "dir": "Esmeralda 615",
        "tar": "Arbolado lineal",
        "sag": "DG de Espacios Verdes y Arbolado"
      }
    },
    {
      "type": "Feature",
      "id": "arbolado_publico.fid--22daefbc_19dc07f98be_-347d",
      "geometry": {
        "type": "Point",
        "coordinates": [-58.37826856, -34.60104548]
      },
      "geometry_name": "geom",
      "properties": {
        "id": 102615,
        "gna": "Árbol",
        "nam": "Photinia x Fraseri",
        "nco": "Fotinia",
        "clf": "Otro",
        "sta": "Balanceada",
        "vta": "Vital",
        "uve": "Regular",
        "npl": "A Nivel",
        "epl": "Ocupada",
        "alt": 3,
        "dmt": 3,
        "inc": null,
        "dir": "Esmeralda 612",
        "tar": "Arbolado lineal",
        "sag": "DG de Espacios Verdes y Arbolado"
      }
    },
    {
      "type": "Feature",
      "id": "arbolado_publico.fid--22daefbc_19dc07f98be_-347c",
      "geometry": {
        "type": "Point",
        "coordinates": [-58.37826856, -34.60104548]
      },
      "geometry_name": "geom",
      "properties": {
        "id": 102616,
        "gna": "Árbol",
        "nam": "Photinia x Fraseri",
        "nco": "Fotinia",
        "clf": "Otro",
        "sta": "Balanceada",
        "vta": "Vital",
        "uve": "Regular",
        "npl": "A Nivel",
        "epl": "Ocupada",
        "alt": 3,
        "dmt": 8,
        "inc": null,
        "dir": "Esmeralda 612",
        "tar": "Arbolado lineal",
        "sag": "DG de Espacios Verdes y Arbolado"
      }
    },
    {
      "type": "Feature",
      "id": "arbolado_publico.fid--22daefbc_19dc07f98be_-347b",
      "geometry": {
        "type": "Point",
        "coordinates": [-58.3782681, -34.60106554]
      },
      "geometry_name": "geom",
      "properties": {
        "id": 102619,
        "gna": "Árbol",
        "nam": "Photinia x Fraseri",
        "nco": "Fotinia",
        "clf": "Otro",
        "sta": "Balanceada",
        "vta": "Vital",
        "uve": "Regular",
        "npl": "A Nivel",
        "epl": "Ocupada",
        "alt": 3,
        "dmt": 3,
        "inc": null,
        "dir": "Esmeralda 610",
        "tar": "Arbolado lineal",
        "sag": "DG de Espacios Verdes y Arbolado"
      }
    },
    {
      "type": "Feature",
      "id": "arbolado_publico.fid--22daefbc_19dc07f98be_-347a",
      "geometry": {
        "type": "Point",
        "coordinates": [-58.37826601, -34.60114739]
      },
      "geometry_name": "geom",
      "properties": {
        "id": 102620,
        "gna": "Árbol",
        "nam": "Photinia x Fraseri",
        "nco": "Fotinia",
        "clf": "Otro",
        "sta": "Balanceada",
        "vta": "Vital",
        "uve": "Regular",
        "npl": "A Nivel",
        "epl": "Ocupada",
        "alt": 2,
        "dmt": 8,
        "inc": null,
        "dir": "Esmeralda 602",
        "tar": "Arbolado lineal",
        "sag": "DG de Espacios Verdes y Arbolado"
      }
    },
    {
      "type": "Feature",
      "id": "arbolado_publico.fid--22daefbc_19dc07f98be_-3479",
      "geometry": {
        "type": "Point",
        "coordinates": [-58.37826601, -34.60114739]
      },
      "geometry_name": "geom",
      "properties": {
        "id": 102621,
        "gna": "Árbol",
        "nam": "Photinia x Fraseri",
        "nco": "Fotinia",
        "clf": "Otro",
        "sta": "Balanceada",
        "vta": "Vital",
        "uve": "Regular",
        "npl": "A Nivel",
        "epl": "Ocupada",
        "alt": 3,
        "dmt": 7,
        "inc": null,
        "dir": "Esmeralda 602",
        "tar": "Arbolado lineal",
        "sag": "DG de Espacios Verdes y Arbolado"
      }
    },
    {
      "type": "Feature",
      "id": "arbolado_publico.fid--22daefbc_19dc07f98be_-3478",
      "geometry": {
        "type": "Point",
        "coordinates": [-58.378252, -34.60141022]
      },
      "geometry_name": "geom",
      "properties": {
        "id": 102622,
        "gna": "Árbol",
        "nam": "Photinia x Fraseri",
        "nco": "Fotinia",
        "clf": "Otro",
        "sta": "Balanceada - Bifurcada",
        "vta": "Vital",
        "uve": "Regular",
        "npl": "A Nivel",
        "epl": "Ocupada",
        "alt": 3,
        "dmt": 3,
        "inc": null,
        "dir": "Esmeralda 590",
        "tar": "Arbolado lineal",
        "sag": "DG de Espacios Verdes y Arbolado"
      }
    },
    {
      "type": "Feature",
      "id": "arbolado_publico.fid--22daefbc_19dc07f98be_-3477",
      "geometry": {
        "type": "Point",
        "coordinates": [-58.37809845, -34.601425]
      },
      "geometry_name": "geom",
      "properties": {
        "id": 102623,
        "gna": "Árbol",
        "nam": "Photinia x Fraseri",
        "nco": "Fotinia",
        "clf": "Otro",
        "sta": "Sin Estructura",
        "vta": "En Observación",
        "uve": "Regular",
        "npl": "A Nivel",
        "epl": "Ocupada",
        "alt": 2,
        "dmt": 2,
        "inc": null,
        "dir": "Esmeralda 587",
        "tar": "Arbolado lineal",
        "sag": "DG de Espacios Verdes y Arbolado"
      }
    },
    {
      "type": "Feature",
      "id": "arbolado_publico.fid--22daefbc_19dc07f98be_-3476",
      "geometry": {
        "type": "Point",
        "coordinates": [-58.37809647, -34.60466345]
      },
      "geometry_name": "geom",
      "properties": {
        "id": 102625,
        "gna": "Árbol",
        "nam": "Photinia x Fraseri",
        "nco": "Fotinia",
        "clf": "Otro",
        "sta": "Balanceada",
        "vta": "Vital",
        "uve": "Regular",
        "npl": "A Nivel",
        "epl": "Ocupada",
        "alt": 2,
        "dmt": 2,
        "inc": null,
        "dir": "Esmeralda 302",
        "tar": "Arbolado lineal",
        "sag": "DG de Espacios Verdes y Arbolado"
      }
    },
    {
      "type": "Feature",
      "id": "arbolado_publico.fid--22daefbc_19dc07f98be_-3475",
      "geometry": {
        "type": "Point",
        "coordinates": [-58.37809647, -34.60466345]
      },
      "geometry_name": "geom",
      "properties": {
        "id": 102629,
        "gna": "Árbol",
        "nam": "Photinia x Fraseri",
        "nco": "Fotinia",
        "clf": "Otro",
        "sta": "Balanceada - Bifurcada",
        "vta": "Vital",
        "uve": "Regular",
        "npl": "A Nivel",
        "epl": "Ocupada",
        "alt": 4,
        "dmt": 3,
        "inc": null,
        "dir": "Esmeralda 302",
        "tar": "Arbolado lineal",
        "sag": "DG de Espacios Verdes y Arbolado"
      }
    },
    {
      "type": "Feature",
      "id": "arbolado_publico.fid--22daefbc_19dc07f98be_-3474",
      "geometry": {
        "type": "Point",
        "coordinates": [-58.37809647, -34.60466345]
      },
      "geometry_name": "geom",
      "properties": {
        "id": 102630,
        "gna": "Árbol",
        "nam": "Photinia x Fraseri",
        "nco": "Fotinia",
        "clf": "Otro",
        "sta": "Balanceada",
        "vta": "Vital",
        "uve": "Regular",
        "npl": "A Nivel",
        "epl": "Ocupada",
        "alt": 3,
        "dmt": 3,
        "inc": null,
        "dir": "Esmeralda 302",
        "tar": "Arbolado lineal",
        "sag": "DG de Espacios Verdes y Arbolado"
      }
    },
    {
      "type": "Feature",
      "id": "arbolado_publico.fid--22daefbc_19dc07f98be_-3473",
      "geometry": {
        "type": "Point",
        "coordinates": [-58.37807416, -34.60507563]
      },
      "geometry_name": "geom",
      "properties": {
        "id": 102631,
        "gna": "Árbol",
        "nam": "Photinia x Fraseri",
        "nco": "Fotinia",
        "clf": "Otro",
        "sta": "Balanceada - Multicaule",
        "vta": "Vital",
        "uve": "Regular",
        "npl": "A Nivel",
        "epl": "Ocupada",
        "alt": 4,
        "dmt": 3,
        "inc": null,
        "dir": "Esmeralda 284",
        "tar": "Arbolado lineal",
        "sag": "DG de Espacios Verdes y Arbolado"
      }
    },
    {
      "type": "Feature",
      "id": "arbolado_publico.fid--22daefbc_19dc07f98be_-3472",
      "geometry": {
        "type": "Point",
        "coordinates": [-58.37807064, -34.60514084]
      },
      "geometry_name": "geom",
      "properties": {
        "id": 102632,
        "gna": "Árbol",
        "nam": "Photinia x Fraseri",
        "nco": "Fotinia",
        "clf": "Otro",
        "sta": "Balanceada - Multicaule",
        "vta": "Vital",
        "uve": "Regular",
        "npl": "A Nivel",
        "epl": "Ocupada",
        "alt": 3,
        "dmt": 4,
        "inc": null,
        "dir": "Esmeralda 280",
        "tar": "Arbolado lineal",
        "sag": "DG de Espacios Verdes y Arbolado"
      }
    },
    {
      "type": "Feature",
      "id": "arbolado_publico.fid--22daefbc_19dc07f98be_-3471",
      "geometry": {
        "type": "Point",
        "coordinates": [-58.37806887, -34.60517344]
      },
      "geometry_name": "geom",
      "properties": {
        "id": 102635,
        "gna": "Árbol",
        "nam": "Photinia x Fraseri",
        "nco": "Fotinia",
        "clf": "Otro",
        "sta": "Balanceada",
        "vta": "Vital",
        "uve": "Regular",
        "npl": "A Nivel",
        "epl": "Ocupada",
        "alt": 2,
        "dmt": 2,
        "inc": null,
        "dir": "Esmeralda 278",
        "tar": "Arbolado lineal",
        "sag": "DG de Espacios Verdes y Arbolado"
      }
    },
    {
      "type": "Feature",
      "id": "arbolado_publico.fid--22daefbc_19dc07f98be_-3470",
      "geometry": {
        "type": "Point",
        "coordinates": [-58.37806711, -34.60520604]
      },
      "geometry_name": "geom",
      "properties": {
        "id": 102637,
        "gna": "Árbol",
        "nam": "Photinia x Fraseri",
        "nco": "Fotinia",
        "clf": "Otro",
        "sta": "Balanceada",
        "vta": "Vital",
        "uve": "Regular",
        "npl": "A Nivel",
        "epl": "Ocupada",
        "alt": 3,
        "dmt": 3,
        "inc": null,
        "dir": "Esmeralda 276",
        "tar": "Arbolado lineal",
        "sag": "DG de Espacios Verdes y Arbolado"
      }
    },
    {
      "type": "Feature",
      "id": "arbolado_publico.fid--22daefbc_19dc07f98be_-346f",
      "geometry": {
        "type": "Point",
        "coordinates": [-58.37806182, -34.60530384]
      },
      "geometry_name": "geom",
      "properties": {
        "id": 102642,
        "gna": "Árbol",
        "nam": "Photinia x Fraseri",
        "nco": "Fotinia",
        "clf": "Otro",
        "sta": "Balanceada",
        "vta": "En Observación",
        "uve": "Regular",
        "npl": "A Nivel",
        "epl": "Ocupada",
        "alt": 4,
        "dmt": 3,
        "inc": null,
        "dir": "Esmeralda 270",
        "tar": "Arbolado lineal",
        "sag": "DG de Espacios Verdes y Arbolado"
      }
    },
    {
      "type": "Feature",
      "id": "arbolado_publico.fid--22daefbc_19dc07f98be_-346e",
      "geometry": {
        "type": "Point",
        "coordinates": [-58.37805829, -34.60536905]
      },
      "geometry_name": "geom",
      "properties": {
        "id": 102643,
        "gna": "Árbol",
        "nam": "Photinia x Fraseri",
        "nco": "Fotinia",
        "clf": "Otro",
        "sta": "Balanceada",
        "vta": "Vital",
        "uve": "Regular",
        "npl": "A Nivel",
        "epl": "Ocupada",
        "alt": 3,
        "dmt": 3,
        "inc": null,
        "dir": "Esmeralda 266",
        "tar": "Arbolado lineal",
        "sag": "DG de Espacios Verdes y Arbolado"
      }
    },
    {
      "type": "Feature",
      "id": "arbolado_publico.fid--22daefbc_19dc07f98be_-346c",
      "geometry": {
        "type": "Point",
        "coordinates": [-58.37805476, -34.60543425]
      },
      "geometry_name": "geom",
      "properties": {
        "id": 102645,
        "gna": "Árbol",
        "nam": "Photinia x Fraseri",
        "nco": "Fotinia",
        "clf": "Otro",
        "sta": "Desbalanceada",
        "vta": "Vital",
        "uve": "Regular",
        "npl": "A Nivel",
        "epl": "Ocupada",
        "alt": 2,
        "dmt": 2,
        "inc": null,
        "dir": "Esmeralda 262",
        "tar": "Arbolado lineal",
        "sag": "DG de Espacios Verdes y Arbolado"
      }
    },
    {
      "type": "Feature",
      "id": "arbolado_publico.fid--22daefbc_19dc07f98be_-346b",
      "geometry": {
        "type": "Point",
        "coordinates": [-58.378053, -34.60546685]
      },
      "geometry_name": "geom",
      "properties": {
        "id": 102647,
        "gna": "Árbol",
        "nam": "Photinia x Fraseri",
        "nco": "Fotinia",
        "clf": "Otro",
        "sta": "Balanceada",
        "vta": "Vital",
        "uve": "Regular",
        "npl": "A Nivel",
        "epl": "Ocupada",
        "alt": 2,
        "dmt": 2,
        "inc": null,
        "dir": "Esmeralda 260",
        "tar": "Arbolado lineal",
        "sag": "DG de Espacios Verdes y Arbolado"
      }
    },
    {
      "type": "Feature",
      "id": "arbolado_publico.fid--22daefbc_19dc07f98be_-346a",
      "geometry": {
        "type": "Point",
        "coordinates": [-58.378053, -34.60546685]
      },
      "geometry_name": "geom",
      "properties": {
        "id": 102648,
        "gna": "Árbol",
        "nam": "Photinia x Fraseri",
        "nco": "Fotinia",
        "clf": "Otro",
        "sta": "Balanceada",
        "vta": "En Observación",
        "uve": "Regular",
        "npl": "A Nivel",
        "epl": "Ocupada",
        "alt": 4,
        "dmt": 3,
        "inc": null,
        "dir": "Esmeralda 260",
        "tar": "Arbolado lineal",
        "sag": "DG de Espacios Verdes y Arbolado"
      }
    },
    {
      "type": "Feature",
      "id": "arbolado_publico.fid--22daefbc_19dc07f98be_-3469",
      "geometry": {
        "type": "Point",
        "coordinates": [-58.38499376, -34.60215508]
      },
      "geometry_name": "geom",
      "properties": {
        "id": 150135,
        "gna": "Árbol",
        "nam": "Washingtonia Filifera",
        "nco": "Washingtonia",
        "clf": "Otro",
        "sta": null,
        "vta": null,
        "uve": null,
        "npl": null,
        "epl": null,
        "alt": 20,
        "dmt": 68,
        "inc": null,
        "dir": "",
        "tar": "Arbolado lineal",
        "sag": "DG de Espacios Verdes y Arbolado"
      }
    },
    {
      "type": "Feature",
      "id": "arbolado_publico.fid--22daefbc_19dc07f98be_-3468",
      "geometry": {
        "type": "Point",
        "coordinates": [-58.38211746, -34.60123438]
      },
      "geometry_name": "geom",
      "properties": {
        "id": 150186,
        "gna": "Árbol",
        "nam": "Washingtonia Filifera",
        "nco": "Washingtonia",
        "clf": "Otro",
        "sta": null,
        "vta": null,
        "uve": null,
        "npl": null,
        "epl": null,
        "alt": 20,
        "dmt": 30,
        "inc": null,
        "dir": "",
        "tar": "Arbolado lineal",
        "sag": "DG de Espacios Verdes y Arbolado"
      }
    },
    {
      "type": "Feature",
      "id": "arbolado_publico.fid--22daefbc_19dc07f98be_-3467",
      "geometry": {
        "type": "Point",
        "coordinates": [-58.38210386, -34.60120814]
      },
      "geometry_name": "geom",
      "properties": {
        "id": 150323,
        "gna": "Árbol",
        "nam": "Washingtonia Filifera",
        "nco": "Washingtonia",
        "clf": "Otro",
        "sta": null,
        "vta": null,
        "uve": null,
        "npl": null,
        "epl": null,
        "alt": 20,
        "dmt": 35,
        "inc": null,
        "dir": "",
        "tar": "Arbolado lineal",
        "sag": "DG de Espacios Verdes y Arbolado"
      }
    },
    {
      "type": "Feature",
      "id": "arbolado_publico.fid--22daefbc_19dc07f98be_-3466",
      "geometry": {
        "type": "Point",
        "coordinates": [-58.3847618, -34.60236992]
      },
      "geometry_name": "geom",
      "properties": {
        "id": 213269,
        "gna": "Árbol",
        "nam": "Tilia x Moltkei",
        "nco": "Tilo",
        "clf": "Tilo",
        "sta": null,
        "vta": null,
        "uve": null,
        "npl": null,
        "epl": null,
        "alt": 8,
        "dmt": 30,
        "inc": null,
        "dir": "",
        "tar": "Arbolado lineal",
        "sag": "DG de Espacios Verdes y Arbolado"
      }
    },
    {
      "type": "Feature",
      "id": "arbolado_publico.fid--22daefbc_19dc07f98be_-3464",
      "geometry": {
        "type": "Point",
        "coordinates": [-58.38239637, -34.60200911]
      },
      "geometry_name": "geom",
      "properties": {
        "id": 222342,
        "gna": "Árbol",
        "nam": "Tilia x Moltkei",
        "nco": "Tilo",
        "clf": "Tilo",
        "sta": "Balanceada - Bifurcada",
        "vta": "Vital",
        "uve": "Regular",
        "npl": "Elevada",
        "epl": "Ocupada",
        "alt": 9,
        "dmt": 28,
        "inc": null,
        "dir": "Cerrito 550",
        "tar": "Arbolado lineal",
        "sag": "DG de Espacios Verdes y Arbolado"
      }
    },
    {
      "type": "Feature",
      "id": "arbolado_publico.fid--22daefbc_19dc07f98be_-3463",
      "geometry": {
        "type": "Point",
        "coordinates": [-58.38238708, -34.60215448]
      },
      "geometry_name": "geom",
      "properties": {
        "id": 222343,
        "gna": "Árbol",
        "nam": "Tilia x Moltkei",
        "nco": "Tilo",
        "clf": "Tilo",
        "sta": "Balanceada - Multicaule",
        "vta": "Vital",
        "uve": "Regular",
        "npl": "Elevada",
        "epl": "Ocupada",
        "alt": 9,
        "dmt": 28,
        "inc": null,
        "dir": "Cerrito 536",
        "tar": "Arbolado lineal",
        "sag": "DG de Espacios Verdes y Arbolado"
      }
    },
    {
      "type": "Feature",
      "id": "arbolado_publico.fid--22daefbc_19dc07f98be_-3462",
      "geometry": {
        "type": "Point",
        "coordinates": [-58.38471045, -34.60236737]
      },
      "geometry_name": "geom",
      "properties": {
        "id": 223630,
        "gna": "Árbol",
        "nam": "Tilia x Moltkei",
        "nco": "Tilo",
        "clf": "Tilo",
        "sta": null,
        "vta": null,
        "uve": null,
        "npl": null,
        "epl": null,
        "alt": 8,
        "dmt": 30,
        "inc": null,
        "dir": "",
        "tar": "Arbolado lineal",
        "sag": "DG de Espacios Verdes y Arbolado"
      }
    },
    {
      "type": "Feature",
      "id": "arbolado_publico.fid--22daefbc_19dc07f98be_-3461",
      "geometry": {
        "type": "Point",
        "coordinates": [-58.38218142, -34.60171921]
      },
      "geometry_name": "geom",
      "properties": {
        "id": 234982,
        "gna": "Árbol",
        "nam": "Ceiba Speciosa",
        "nco": "Palo Borracho Rosado",
        "clf": "Palo Borracho",
        "sta": null,
        "vta": null,
        "uve": null,
        "npl": null,
        "epl": null,
        "alt": 14,
        "dmt": 14,
        "inc": null,
        "dir": "",
        "tar": "Arbolado lineal",
        "sag": "DG de Espacios Verdes y Arbolado"
      }
    },
    {
      "type": "Feature",
      "id": "arbolado_publico.fid--22daefbc_19dc07f98be_-345f",
      "geometry": {
        "type": "Point",
        "coordinates": [-58.38190991, -34.60480667]
      },
      "geometry_name": "geom",
      "properties": {
        "id": 235232,
        "gna": "Árbol",
        "nam": "Ceiba Speciosa",
        "nco": "Palo Borracho Rosado",
        "clf": "Palo Borracho",
        "sta": null,
        "vta": null,
        "uve": null,
        "npl": null,
        "epl": null,
        "alt": 18,
        "dmt": 78,
        "inc": null,
        "dir": "",
        "tar": "Arbolado lineal",
        "sag": "DG de Espacios Verdes y Arbolado"
      }
    },
    {
      "type": "Feature",
      "id": "arbolado_publico.fid--22daefbc_19dc07f98be_-345e",
      "geometry": {
        "type": "Point",
        "coordinates": [-58.38135951, -34.60166999]
      },
      "geometry_name": "geom",
      "properties": {
        "id": 236634,
        "gna": "Árbol",
        "nam": "Ceiba Speciosa",
        "nco": "Palo Borracho Rosado",
        "clf": "Palo Borracho",
        "sta": null,
        "vta": null,
        "uve": null,
        "npl": null,
        "epl": null,
        "alt": 13,
        "dmt": 84,
        "inc": null,
        "dir": "",
        "tar": "Arbolado lineal",
        "sag": "DG de Espacios Verdes y Arbolado"
      }
    },
    {
      "type": "Feature",
      "id": "arbolado_publico.fid--22daefbc_19dc07f98be_-345d",
      "geometry": {
        "type": "Point",
        "coordinates": [-58.38135551, -34.60173993]
      },
      "geometry_name": "geom",
      "properties": {
        "id": 236635,
        "gna": "Árbol",
        "nam": "Ceiba Speciosa",
        "nco": "Palo Borracho Rosado",
        "clf": "Palo Borracho",
        "sta": null,
        "vta": null,
        "uve": null,
        "npl": null,
        "epl": null,
        "alt": 17,
        "dmt": 103,
        "inc": null,
        "dir": "",
        "tar": "Arbolado lineal",
        "sag": "DG de Espacios Verdes y Arbolado"
      }
    },
    {
      "type": "Feature",
      "id": "arbolado_publico.fid--22daefbc_19dc07f98be_-345c",
      "geometry": {
        "type": "Point",
        "coordinates": [-58.38121589, -34.60160445]
      },
      "geometry_name": "geom",
      "properties": {
        "id": 236808,
        "gna": "Árbol",
        "nam": "Ceiba Speciosa",
        "nco": "Palo Borracho Rosado",
        "clf": "Palo Borracho",
        "sta": null,
        "vta": null,
        "uve": null,
        "npl": null,
        "epl": null,
        "alt": 17,
        "dmt": 112,
        "inc": null,
        "dir": "",
        "tar": "Arbolado lineal",
        "sag": "DG de Espacios Verdes y Arbolado"
      }
    },
    {
      "type": "Feature",
      "id": "arbolado_publico.fid--22daefbc_19dc07f98be_-345b",
      "geometry": {
        "type": "Point",
        "coordinates": [-58.38222335, -34.60164514]
      },
      "geometry_name": "geom",
      "properties": {
        "id": 236809,
        "gna": "Árbol",
        "nam": "Ceiba Speciosa",
        "nco": "Palo Borracho Rosado",
        "clf": "Palo Borracho",
        "sta": null,
        "vta": null,
        "uve": null,
        "npl": null,
        "epl": null,
        "alt": 17,
        "dmt": 72,
        "inc": null,
        "dir": "",
        "tar": "Arbolado lineal",
        "sag": "DG de Espacios Verdes y Arbolado"
      }
    },
    {
      "type": "Feature",
      "id": "arbolado_publico.fid--22daefbc_19dc07f98be_-345a",
      "geometry": {
        "type": "Point",
        "coordinates": [-58.38190639, -34.60483822]
      },
      "geometry_name": "geom",
      "properties": {
        "id": 237129,
        "gna": "Árbol",
        "nam": "Ceiba Speciosa",
        "nco": "Palo Borracho Rosado",
        "clf": "Palo Borracho",
        "sta": null,
        "vta": null,
        "uve": null,
        "npl": null,
        "epl": null,
        "alt": 20,
        "dmt": 80,
        "inc": null,
        "dir": "",
        "tar": "Arbolado lineal",
        "sag": "DG de Espacios Verdes y Arbolado"
      }
    },
    {
      "type": "Feature",
      "id": "arbolado_publico.fid--22daefbc_19dc07f98be_-3459",
      "geometry": {
        "type": "Point",
        "coordinates": [-58.38490677, -34.60204046]
      },
      "geometry_name": "geom",
      "properties": {
        "id": 238398,
        "gna": "Árbol",
        "nam": "Acacia Visco",
        "nco": "Visco",
        "clf": "Otro",
        "sta": null,
        "vta": null,
        "uve": null,
        "npl": null,
        "epl": null,
        "alt": 13,
        "dmt": 47,
        "inc": null,
        "dir": "",
        "tar": "Arbolado lineal",
        "sag": "DG de Espacios Verdes y Arbolado"
      }
    },
    {
      "type": "Feature",
      "id": "arbolado_publico.fid--22daefbc_19dc07f98be_-3458",
      "geometry": {
        "type": "Point",
        "coordinates": [-58.3849231, -34.60183053]
      },
      "geometry_name": "geom",
      "properties": {
        "id": 239026,
        "gna": "Árbol",
        "nam": "Acacia Visco",
        "nco": "Visco",
        "clf": "Otro",
        "sta": null,
        "vta": null,
        "uve": null,
        "npl": null,
        "epl": null,
        "alt": 12,
        "dmt": 34,
        "inc": null,
        "dir": "",
        "tar": "Arbolado lineal",
        "sag": "DG de Espacios Verdes y Arbolado"
      }
    },
    {
      "type": "Feature",
      "id": "arbolado_publico.fid--22daefbc_19dc07f98be_-3457",
      "geometry": {
        "type": "Point",
        "coordinates": [-58.38421022, -34.60198863]
      },
      "geometry_name": "geom",
      "properties": {
        "id": 239120,
        "gna": "Árbol",
        "nam": "Acacia Visco",
        "nco": "Visco",
        "clf": "Otro",
        "sta": null,
        "vta": null,
        "uve": null,
        "npl": null,
        "epl": null,
        "alt": 6,
        "dmt": 40,
        "inc": null,
        "dir": "",
        "tar": "Arbolado lineal",
        "sag": "DG de Espacios Verdes y Arbolado"
      }
    },
    {
      "type": "Feature",
      "id": "arbolado_publico.fid--22daefbc_19dc07f98be_-3456",
      "geometry": {
        "type": "Point",
        "coordinates": [-58.38376981, -34.60213542]
      },
      "geometry_name": "geom",
      "properties": {
        "id": 243642,
        "gna": "Árbol",
        "nam": "No Identificado",
        "nco": "Otro",
        "clf": "Otro",
        "sta": "Balanceada - Bifurcada",
        "vta": "Vital",
        "uve": "Regular",
        "npl": "A Nivel",
        "epl": "Ocupada",
        "alt": 3,
        "dmt": 4,
        "inc": null,
        "dir": "Libertad 541",
        "tar": "Arbolado lineal",
        "sag": "DG de Espacios Verdes y Arbolado"
      }
    },
    {
      "type": "Feature",
      "id": "arbolado_publico.fid--22daefbc_19dc07f98be_-3455",
      "geometry": {
        "type": "Point",
        "coordinates": [-58.38376723, -34.60217678]
      },
      "geometry_name": "geom",
      "properties": {
        "id": 243643,
        "gna": "Árbol",
        "nam": "No Identificado",
        "nco": "Otro",
        "clf": "Otro",
        "sta": "Balanceada - Bifurcada",
        "vta": "Vital",
        "uve": "Regular",
        "npl": "A Nivel",
        "epl": "Ocupada",
        "alt": 3,
        "dmt": 4,
        "inc": null,
        "dir": "Libertad 537",
        "tar": "Arbolado lineal",
        "sag": "DG de Espacios Verdes y Arbolado"
      }
    },
    {
      "type": "Feature",
      "id": "arbolado_publico.fid--22daefbc_19dc07f98be_-3454",
      "geometry": {
        "type": "Point",
        "coordinates": [-58.38376464, -34.60221814]
      },
      "geometry_name": "geom",
      "properties": {
        "id": 243644,
        "gna": "Árbol",
        "nam": "No Identificado",
        "nco": "Otro",
        "clf": "Otro",
        "sta": "Balanceada - Bifurcada",
        "vta": "Vital",
        "uve": "Regular",
        "npl": "A Nivel",
        "epl": "Ocupada",
        "alt": 3,
        "dmt": 4,
        "inc": null,
        "dir": "Libertad 533",
        "tar": "Arbolado lineal",
        "sag": "DG de Espacios Verdes y Arbolado"
      }
    },
    {
      "type": "Feature",
      "id": "arbolado_publico.fid--22daefbc_19dc07f98be_-3453",
      "geometry": {
        "type": "Point",
        "coordinates": [-58.38374488, -34.60250477]
      },
      "geometry_name": "geom",
      "properties": {
        "id": 243645,
        "gna": "Árbol",
        "nam": "No Identificado",
        "nco": "Otro",
        "clf": "Otro",
        "sta": "Balanceada - Multicaule",
        "vta": "Vital",
        "uve": "Regular",
        "npl": "A Nivel",
        "epl": "Ocupada",
        "alt": 3,
        "dmt": 4,
        "inc": null,
        "dir": "Libertad 505",
        "tar": "Arbolado lineal",
        "sag": "DG de Espacios Verdes y Arbolado"
      }
    },
    {
      "type": "Feature",
      "id": "arbolado_publico.fid--22daefbc_19dc07f98be_-3452",
      "geometry": {
        "type": "Point",
        "coordinates": [-58.38389201, -34.60255806]
      },
      "geometry_name": "geom",
      "properties": {
        "id": 243646,
        "gna": "Árbol",
        "nam": "No Identificado",
        "nco": "Otro",
        "clf": "Otro",
        "sta": "Balanceada - Multicaule",
        "vta": "Vital",
        "uve": "Regular",
        "npl": "Bajo Nivel",
        "epl": "Ocupada",
        "alt": 4,
        "dmt": 5,
        "inc": null,
        "dir": "Libertad 502",
        "tar": "Arbolado lineal",
        "sag": "DG de Espacios Verdes y Arbolado"
      }
    },
    {
      "type": "Feature",
      "id": "arbolado_publico.fid--22daefbc_19dc07f98be_-3451",
      "geometry": {
        "type": "Point",
        "coordinates": [-58.38389201, -34.60255806]
      },
      "geometry_name": "geom",
      "properties": {
        "id": 243647,
        "gna": "Árbol",
        "nam": "No Identificado",
        "nco": "Otro",
        "clf": "Otro",
        "sta": "Balanceada - Multicaule",
        "vta": "Vital",
        "uve": "Regular",
        "npl": "A Nivel",
        "epl": "Ocupada",
        "alt": 3,
        "dmt": 4,
        "inc": null,
        "dir": "Libertad 502",
        "tar": "Arbolado lineal",
        "sag": "DG de Espacios Verdes y Arbolado"
      }
    },
    {
      "type": "Feature",
      "id": "arbolado_publico.fid--22daefbc_19dc07f98be_-3450",
      "geometry": {
        "type": "Point",
        "coordinates": [-58.37977885, -34.60253231]
      },
      "geometry_name": "geom",
      "properties": {
        "id": 244835,
        "gna": "Árbol",
        "nam": "No Identificado",
        "nco": "Otro",
        "clf": "Otro",
        "sta": "Balanceada - Bifurcada",
        "vta": "Vital",
        "uve": "Regular",
        "npl": null,
        "epl": "Ocupada",
        "alt": 2,
        "dmt": 3,
        "inc": 7,
        "dir": "Lavalle 912",
        "tar": "Arbolado lineal",
        "sag": "DG de Espacios Verdes y Arbolado"
      }
    },
    {
      "type": "Feature",
      "id": "arbolado_publico.fid--22daefbc_19dc07f98be_-344f",
      "geometry": {
        "type": "Point",
        "coordinates": [-58.37975255, -34.60253128]
      },
      "geometry_name": "geom",
      "properties": {
        "id": 244840,
        "gna": "Árbol",
        "nam": "No Identificado",
        "nco": "Otro",
        "clf": "Otro",
        "sta": "Balanceada - Bifurcada",
        "vta": "Vital",
        "uve": "Regular",
        "npl": null,
        "epl": "Ocupada",
        "alt": 2,
        "dmt": 4,
        "inc": 3,
        "dir": "Lavalle 910",
        "tar": "Arbolado lineal",
        "sag": "DG de Espacios Verdes y Arbolado"
      }
    },
    {
      "type": "Feature",
      "id": "arbolado_publico.fid--22daefbc_19dc07f98be_-344e",
      "geometry": {
        "type": "Point",
        "coordinates": [-58.37932661, -34.60238359]
      },
      "geometry_name": "geom",
      "properties": {
        "id": 244846,
        "gna": "Árbol",
        "nam": "No Identificado",
        "nco": "Otro",
        "clf": "Otro",
        "sta": "Balanceada",
        "vta": "Vital",
        "uve": "Regular",
        "npl": null,
        "epl": "Ocupada",
        "alt": 2,
        "dmt": 3,
        "inc": 3,
        "dir": "Lavalle 889",
        "tar": "Arbolado lineal",
        "sag": "DG de Espacios Verdes y Arbolado"
      }
    },
    {
      "type": "Feature",
      "id": "arbolado_publico.fid--22daefbc_19dc07f98be_-344d",
      "geometry": {
        "type": "Point",
        "coordinates": [-58.37907695, -34.60237049]
      },
      "geometry_name": "geom",
      "properties": {
        "id": 244847,
        "gna": "Árbol",
        "nam": "No Identificado",
        "nco": "Otro",
        "clf": "Otro",
        "sta": "Balanceada - Bifurcada",
        "vta": "Vital",
        "uve": "Regular",
        "npl": null,
        "epl": "Ocupada",
        "alt": 2,
        "dmt": 3,
        "inc": 4,
        "dir": "Lavalle 869",
        "tar": "Arbolado lineal",
        "sag": "DG de Espacios Verdes y Arbolado"
      }
    },
    {
      "type": "Feature",
      "id": "arbolado_publico.fid--22daefbc_19dc07f98be_-344c",
      "geometry": {
        "type": "Point",
        "coordinates": [-58.37877736, -34.60235477]
      },
      "geometry_name": "geom",
      "properties": {
        "id": 244848,
        "gna": "Árbol",
        "nam": "No Identificado",
        "nco": "Otro",
        "clf": "Otro",
        "sta": "Balanceada - Bifurcada",
        "vta": "Vital",
        "uve": "Regular",
        "npl": null,
        "epl": "Ocupada",
        "alt": 2,
        "dmt": 3,
        "inc": 7,
        "dir": "Lavalle 845",
        "tar": "Arbolado lineal",
        "sag": "DG de Espacios Verdes y Arbolado"
      }
    },
    {
      "type": "Feature",
      "id": "arbolado_publico.fid--22daefbc_19dc07f98be_-344b",
      "geometry": {
        "type": "Point",
        "coordinates": [-58.37835293, -34.60233249]
      },
      "geometry_name": "geom",
      "properties": {
        "id": 244850,
        "gna": "Árbol",
        "nam": "No Identificado",
        "nco": "Otro",
        "clf": "Otro",
        "sta": "Balanceada",
        "vta": "Vital",
        "uve": "Regular",
        "npl": null,
        "epl": "Ocupada",
        "alt": 2,
        "dmt": 3,
        "inc": 7,
        "dir": "Lavalle 811",
        "tar": "Arbolado lineal",
        "sag": "DG de Espacios Verdes y Arbolado"
      }
    },
    {
      "type": "Feature",
      "id": "arbolado_publico.fid--22daefbc_19dc07f98be_-344a",
      "geometry": {
        "type": "Point",
        "coordinates": [-58.37821843, -34.60245189]
      },
      "geometry_name": "geom",
      "properties": {
        "id": 244874,
        "gna": "Árbol",
        "nam": "No Identificado",
        "nco": "Otro",
        "clf": "Otro",
        "sta": "Balanceada",
        "vta": "Vital",
        "uve": "Ochava",
        "npl": null,
        "epl": "Ocupada",
        "alt": 2,
        "dmt": 3,
        "inc": null,
        "dir": "Lavalle 802",
        "tar": "Arbolado lineal",
        "sag": "DG de Espacios Verdes y Arbolado"
      }
    },
    {
      "type": "Feature",
      "id": "arbolado_publico.fid--22daefbc_19dc07f98be_-3449",
      "geometry": {
        "type": "Point",
        "coordinates": [-58.37821843, -34.60245189]
      },
      "geometry_name": "geom",
      "properties": {
        "id": 244875,
        "gna": "Árbol",
        "nam": "No Identificado",
        "nco": "Otro",
        "clf": "Otro",
        "sta": "Balanceada - Bifurcada",
        "vta": "Vital",
        "uve": "Regular",
        "npl": null,
        "epl": "Ocupada",
        "alt": 2,
        "dmt": 4,
        "inc": 5,
        "dir": "Lavalle 802",
        "tar": "Arbolado lineal",
        "sag": "DG de Espacios Verdes y Arbolado"
      }
    },
    {
      "type": "Feature",
      "id": "arbolado_publico.fid--22daefbc_19dc07f98be_-3448",
      "geometry": {
        "type": "Point",
        "coordinates": [-58.3782281, -34.60232594]
      },
      "geometry_name": "geom",
      "properties": {
        "id": 244876,
        "gna": "Árbol",
        "nam": "No Identificado",
        "nco": "Otro",
        "clf": "Otro",
        "sta": "Balanceada",
        "vta": "Vital",
        "uve": "Ochava",
        "npl": null,
        "epl": "Ocupada",
        "alt": 2,
        "dmt": 3,
        "inc": null,
        "dir": "Lavalle 801",
        "tar": "Arbolado lineal",
        "sag": "DG de Espacios Verdes y Arbolado"
      }
    },
    {
      "type": "Feature",
      "id": "arbolado_publico.fid--22daefbc_19dc07f98be_-3447",
      "geometry": {
        "type": "Point",
        "coordinates": [-58.37820643, -34.60226464]
      },
      "geometry_name": "geom",
      "properties": {
        "id": 245521,
        "gna": "Árbol",
        "nam": "No Identificado",
        "nco": "Otro",
        "clf": "Otro",
        "sta": "Balanceada",
        "vta": "Vital",
        "uve": "Ochava",
        "npl": null,
        "epl": "Ocupada",
        "alt": 2,
        "dmt": 4,
        "inc": 4,
        "dir": "Esmeralda 506",
        "tar": "Arbolado lineal",
        "sag": "DG de Espacios Verdes y Arbolado"
      }
    },
    {
      "type": "Feature",
      "id": "arbolado_publico.fid--22daefbc_19dc07f98be_-3446",
      "geometry": {
        "type": "Point",
        "coordinates": [-58.37820643, -34.60226464]
      },
      "geometry_name": "geom",
      "properties": {
        "id": 245528,
        "gna": "Árbol",
        "nam": "No Identificado",
        "nco": "Otro",
        "clf": "Otro",
        "sta": "Balanceada",
        "vta": "Vital",
        "uve": "Ochava",
        "npl": null,
        "epl": "Ocupada",
        "alt": 2,
        "dmt": 3,
        "inc": 6,
        "dir": "Esmeralda 506",
        "tar": "Arbolado lineal",
        "sag": "DG de Espacios Verdes y Arbolado"
      }
    },
    {
      "type": "Feature",
      "id": "arbolado_publico.fid--22daefbc_19dc07f98be_-3445",
      "geometry": {
        "type": "Point",
        "coordinates": [-58.37820426, -34.60230533]
      },
      "geometry_name": "geom",
      "properties": {
        "id": 245551,
        "gna": "Árbol",
        "nam": "No Identificado",
        "nco": "Otro",
        "clf": "Otro",
        "sta": "Balanceada - Multicaule",
        "vta": "Vital",
        "uve": "Regular",
        "npl": null,
        "epl": "Ocupada",
        "alt": 2,
        "dmt": 2,
        "inc": null,
        "dir": "Esmeralda 502",
        "tar": "Arbolado lineal",
        "sag": "DG de Espacios Verdes y Arbolado"
      }
    },
    {
      "type": "Feature",
      "id": "arbolado_publico.fid--22daefbc_19dc07f98be_-3444",
      "geometry": {
        "type": "Point",
        "coordinates": [-58.37805178, -34.60229977]
      },
      "geometry_name": "geom",
      "properties": {
        "id": 245556,
        "gna": "Árbol",
        "nam": "No Identificado",
        "nco": "Otro",
        "clf": "Otro",
        "sta": "Balanceada - Bifurcada",
        "vta": "Vital",
        "uve": "Ochava",
        "npl": null,
        "epl": "Ocupada",
        "alt": 2,
        "dmt": 3,
        "inc": null,
        "dir": "Esmeralda 501",
        "tar": "Arbolado lineal",
        "sag": "DG de Espacios Verdes y Arbolado"
      }
    },
    {
      "type": "Feature",
      "id": "arbolado_publico.fid--22daefbc_19dc07f98be_-3443",
      "geometry": {
        "type": "Point",
        "coordinates": [-58.37960606, -34.60487213]
      },
      "geometry_name": "geom",
      "properties": {
        "id": 247689,
        "gna": "Árbol",
        "nam": "No Identificado",
        "nco": "Otro",
        "clf": "Otro",
        "sta": "Balanceada",
        "vta": "Vital",
        "uve": "Fuera de Línea",
        "npl": "A Nivel",
        "epl": "Sobreocupada",
        "alt": 4,
        "dmt": 29,
        "inc": null,
        "dir": "Saenz Peña, Roque, Pres. Diagonal Norte Av. 902",
        "tar": "Arbolado lineal",
        "sag": "DG de Espacios Verdes y Arbolado"
      }
    },
    {
      "type": "Feature",
      "id": "arbolado_publico.fid--22daefbc_19dc07f98be_-3442",
      "geometry": {
        "type": "Point",
        "coordinates": [-58.37997013, -34.60241344]
      },
      "geometry_name": "geom",
      "properties": {
        "id": 254089,
        "gna": "Árbol",
        "nam": "Ficus Benjamina",
        "nco": "Ficus",
        "clf": "Ficus",
        "sta": "Balanceada - Multicaule",
        "vta": "Vital",
        "uve": "Regular",
        "npl": "Elevada",
        "epl": "Ocupada",
        "alt": 2,
        "dmt": 4,
        "inc": null,
        "dir": "Lavalle 925",
        "tar": "Arbolado lineal",
        "sag": "DG de Espacios Verdes y Arbolado"
      }
    },
    {
      "type": "Feature",
      "id": "arbolado_publico.fid--22daefbc_19dc07f98be_-3441",
      "geometry": {
        "type": "Point",
        "coordinates": [-58.37989124, -34.60241036]
      },
      "geometry_name": "geom",
      "properties": {
        "id": 254090,
        "gna": "Árbol",
        "nam": "Ficus Benjamina",
        "nco": "Ficus",
        "clf": "Ficus",
        "sta": "Balanceada - Multicaule",
        "vta": "Vital",
        "uve": "Regular",
        "npl": "Elevada",
        "epl": "Ocupada",
        "alt": 2,
        "dmt": 3,
        "inc": null,
        "dir": "Lavalle 919",
        "tar": "Arbolado lineal",
        "sag": "DG de Espacios Verdes y Arbolado"
      }
    },
    {
      "type": "Feature",
      "id": "arbolado_publico.fid--22daefbc_19dc07f98be_-3440",
      "geometry": {
        "type": "Point",
        "coordinates": [-58.37980515, -34.60253334]
      },
      "geometry_name": "geom",
      "properties": {
        "id": 254091,
        "gna": "Árbol",
        "nam": "Ficus Benjamina",
        "nco": "Ficus",
        "clf": "Ficus",
        "sta": "Desbalanceada",
        "vta": "Vital",
        "uve": "Regular",
        "npl": null,
        "epl": "Ocupada",
        "alt": 2,
        "dmt": 5,
        "inc": null,
        "dir": "Lavalle 914",
        "tar": "Arbolado lineal",
        "sag": "DG de Espacios Verdes y Arbolado"
      }
    },
    {
      "type": "Feature",
      "id": "arbolado_publico.fid--22daefbc_19dc07f98be_-343f",
      "geometry": {
        "type": "Point",
        "coordinates": [-58.37964615, -34.60252681]
      },
      "geometry_name": "geom",
      "properties": {
        "id": 254093,
        "gna": "Árbol",
        "nam": "Ficus Benjamina",
        "nco": "Ficus",
        "clf": "Ficus",
        "sta": "Balanceada - Multicaule",
        "vta": "Vital",
        "uve": "Regular",
        "npl": null,
        "epl": "Ocupada",
        "alt": 2,
        "dmt": 6,
        "inc": null,
        "dir": "Lavalle 902",
        "tar": "Arbolado lineal",
        "sag": "DG de Espacios Verdes y Arbolado"
      }
    },
    {
      "type": "Feature",
      "id": "arbolado_publico.fid--22daefbc_19dc07f98be_-343e",
      "geometry": {
        "type": "Point",
        "coordinates": [-58.38354229, -34.60256291]
      },
      "geometry_name": "geom",
      "properties": {
        "id": 254229,
        "gna": "Árbol",
        "nam": "Ficus Benjamina",
        "nco": "Ficus",
        "clf": "Ficus",
        "sta": "Balanceada - Multicaule",
        "vta": "Vital",
        "uve": "Regular",
        "npl": "Elevada",
        "epl": "Ocupada",
        "alt": 10,
        "dmt": 41,
        "inc": null,
        "dir": "Lavalle 1187",
        "tar": "Arbolado lineal",
        "sag": "DG de Espacios Verdes y Arbolado"
      }
    },
    {
      "type": "Feature",
      "id": "arbolado_publico.fid--22daefbc_19dc07f98be_-343d",
      "geometry": {
        "type": "Point",
        "coordinates": [-58.38477806, -34.60212069]
      },
      "geometry_name": "geom",
      "properties": {
        "id": 265968,
        "gna": "Árbol",
        "nam": "Ficus Benjamina",
        "nco": "Ficus",
        "clf": "Ficus",
        "sta": null,
        "vta": null,
        "uve": null,
        "npl": null,
        "epl": null,
        "alt": 4,
        "dmt": 16,
        "inc": null,
        "dir": "",
        "tar": "Arbolado lineal",
        "sag": "DG de Espacios Verdes y Arbolado"
      }
    },
    {
      "type": "Feature",
      "id": "arbolado_publico.fid--22daefbc_19dc07f98be_-343c",
      "geometry": {
        "type": "Point",
        "coordinates": [-58.38279041, -34.60303345]
      },
      "geometry_name": "geom",
      "properties": {
        "id": 273829,
        "gna": "Árbol",
        "nam": "Betula Pendula",
        "nco": "Abedul Comun - Abedul de Europa - Abedul Verrugoso",
        "clf": "Otro",
        "sta": "Balanceada - Bifurcada",
        "vta": "Vital",
        "uve": "Regular",
        "npl": "Bajo Nivel",
        "epl": "Ocupada",
        "alt": 3,
        "dmt": 6,
        "inc": 3,
        "dir": "Saenz Peña, Roque, Pres. Diagonal Norte Av. 1143",
        "tar": "Arbolado lineal",
        "sag": "DG de Espacios Verdes y Arbolado"
      }
    },
    {
      "type": "Feature",
      "id": "arbolado_publico.fid--22daefbc_19dc07f98be_-343b",
      "geometry": {
        "type": "Point",
        "coordinates": [-58.38488119, -34.60188143]
      },
      "geometry_name": "geom",
      "properties": {
        "id": 273849,
        "gna": "Árbol",
        "nam": "Betula Pendula",
        "nco": "Abedul Comun - Abedul de Europa - Abedul Verrugoso",
        "clf": "Otro",
        "sta": null,
        "vta": null,
        "uve": null,
        "npl": null,
        "epl": null,
        "alt": 2,
        "dmt": 6,
        "inc": null,
        "dir": "",
        "tar": "Arbolado lineal",
        "sag": "DG de Espacios Verdes y Arbolado"
      }
    },
    {
      "type": "Feature",
      "id": "arbolado_publico.fid--22daefbc_19dc07f98be_-343a",
      "geometry": {
        "type": "Point",
        "coordinates": [-58.38498227, -34.60274414]
      },
      "geometry_name": "geom",
      "properties": {
        "id": 305610,
        "gna": "Árbol",
        "nam": "Fraxinus Pennsylvanica",
        "nco": "Fresno Americano",
        "clf": "Fresno",
        "sta": "Balanceada - Multicaule",
        "vta": "Vital",
        "uve": "Regular",
        "npl": "A Nivel",
        "epl": "Ocupada",
        "alt": 9,
        "dmt": 33,
        "inc": null,
        "dir": "Lavalle 1290",
        "tar": "Arbolado lineal",
        "sag": "DG de Espacios Verdes y Arbolado"
      }
    },
    {
      "type": "Feature",
      "id": "arbolado_publico.fid--22daefbc_19dc07f98be_-3439",
      "geometry": {
        "type": "Point",
        "coordinates": [-58.38476107, -34.60273535]
      },
      "geometry_name": "geom",
      "properties": {
        "id": 305611,
        "gna": "Árbol",
        "nam": "Fraxinus Pennsylvanica",
        "nco": "Fresno Americano",
        "clf": "Fresno",
        "sta": "Balanceada - Multicaule",
        "vta": "Vital",
        "uve": "Regular",
        "npl": "A Nivel",
        "epl": "Ocupada",
        "alt": 8,
        "dmt": 20,
        "inc": null,
        "dir": "Lavalle 1272",
        "tar": "Arbolado lineal",
        "sag": "DG de Espacios Verdes y Arbolado"
      }
    },
    {
      "type": "Feature",
      "id": "arbolado_publico.fid--22daefbc_19dc07f98be_-3438",
      "geometry": {
        "type": "Point",
        "coordinates": [-58.38471192, -34.60273339]
      },
      "geometry_name": "geom",
      "properties": {
        "id": 305612,
        "gna": "Árbol",
        "nam": "Fraxinus Pennsylvanica",
        "nco": "Fresno Americano",
        "clf": "Fresno",
        "sta": "Balanceada - Bifurcada",
        "vta": "Vital",
        "uve": "Regular",
        "npl": "A Nivel",
        "epl": "Ocupada",
        "alt": 5,
        "dmt": 23,
        "inc": 14,
        "dir": "Lavalle 1268",
        "tar": "Arbolado lineal",
        "sag": "DG de Espacios Verdes y Arbolado"
      }
    },
    {
      "type": "Feature",
      "id": "arbolado_publico.fid--22daefbc_19dc07f98be_-3437",
      "geometry": {
        "type": "Point",
        "coordinates": [-58.38471192, -34.60273339]
      },
      "geometry_name": "geom",
      "properties": {
        "id": 305614,
        "gna": "Árbol",
        "nam": "Fraxinus Pennsylvanica",
        "nco": "Fresno Americano",
        "clf": "Fresno",
        "sta": "Balanceada - Bifurcada",
        "vta": "Vital",
        "uve": "Regular",
        "npl": "A Nivel",
        "epl": "Ocupada",
        "alt": 6,
        "dmt": 25,
        "inc": null,
        "dir": "Lavalle 1268",
        "tar": "Arbolado lineal",
        "sag": "DG de Espacios Verdes y Arbolado"
      }
    },
    {
      "type": "Feature",
      "id": "arbolado_publico.fid--22daefbc_19dc07f98be_-3436",
      "geometry": {
        "type": "Point",
        "coordinates": [-58.38471192, -34.60273339]
      },
      "geometry_name": "geom",
      "properties": {
        "id": 305615,
        "gna": "Árbol",
        "nam": "Fraxinus Pennsylvanica",
        "nco": "Fresno Americano",
        "clf": "Fresno",
        "sta": "Balanceada - Bifurcada",
        "vta": "Vital",
        "uve": "Regular",
        "npl": "A Nivel",
        "epl": "Ocupada",
        "alt": 9,
        "dmt": 25,
        "inc": null,
        "dir": "Lavalle 1268",
        "tar": "Arbolado lineal",
        "sag": "DG de Espacios Verdes y Arbolado"
      }
    },
    {
      "type": "Feature",
      "id": "arbolado_publico.fid--22daefbc_19dc07f98be_-3435",
      "geometry": {
        "type": "Point",
        "coordinates": [-58.38449072, -34.6027246]
      },
      "geometry_name": "geom",
      "properties": {
        "id": 305616,
        "gna": "Árbol",
        "nam": "Fraxinus Pennsylvanica",
        "nco": "Fresno Americano",
        "clf": "Fresno",
        "sta": "Balanceada - Bifurcada",
        "vta": "Vital",
        "uve": "Regular",
        "npl": "Bajo Nivel",
        "epl": "Ocupada",
        "alt": 5,
        "dmt": 14,
        "inc": null,
        "dir": "Lavalle 1250",
        "tar": "Arbolado lineal",
        "sag": "DG de Espacios Verdes y Arbolado"
      }
    },
    {
      "type": "Feature",
      "id": "arbolado_publico.fid--22daefbc_19dc07f98be_-3434",
      "geometry": {
        "type": "Point",
        "coordinates": [-58.38412206, -34.60270995]
      },
      "geometry_name": "geom",
      "properties": {
        "id": 305617,
        "gna": "Árbol",
        "nam": "Fraxinus Pennsylvanica",
        "nco": "Fresno Americano",
        "clf": "Fresno",
        "sta": "Balanceada - Bifurcada",
        "vta": "En Observación",
        "uve": "Regular",
        "npl": "A Nivel",
        "epl": "Ocupada",
        "alt": 12,
        "dmt": 40,
        "inc": null,
        "dir": "Lavalle 1220",
        "tar": "Arbolado lineal",
        "sag": "DG de Espacios Verdes y Arbolado"
      }
    },
    {
      "type": "Feature",
      "id": "arbolado_publico.fid--22daefbc_19dc07f98be_-3433",
      "geometry": {
        "type": "Point",
        "coordinates": [-58.38412206, -34.60270995]
      },
      "geometry_name": "geom",
      "properties": {
        "id": 305618,
        "gna": "Árbol",
        "nam": "Fraxinus Pennsylvanica",
        "nco": "Fresno Americano",
        "clf": "Fresno",
        "sta": "Balanceada - Bifurcada",
        "vta": "En Observación",
        "uve": "Regular",
        "npl": "A Nivel",
        "epl": "Ocupada",
        "alt": 11,
        "dmt": 38,
        "inc": null,
        "dir": "Lavalle 1220",
        "tar": "Arbolado lineal",
        "sag": "DG de Espacios Verdes y Arbolado"
      }
    },
    {
      "type": "Feature",
      "id": "arbolado_publico.fid--22daefbc_19dc07f98be_-3432",
      "geometry": {
        "type": "Point",
        "coordinates": [-58.38390086, -34.60270116]
      },
      "geometry_name": "geom",
      "properties": {
        "id": 305619,
        "gna": "Árbol",
        "nam": "Fraxinus Pennsylvanica",
        "nco": "Fresno Americano",
        "clf": "Fresno",
        "sta": "Balanceada",
        "vta": "Vital",
        "uve": "Ochava",
        "npl": "Bajo Nivel",
        "epl": "Ocupada",
        "alt": 3,
        "dmt": 7,
        "inc": null,
        "dir": "Lavalle 1202",
        "tar": "Arbolado lineal",
        "sag": "DG de Espacios Verdes y Arbolado"
      }
    },
    {
      "type": "Feature",
      "id": "arbolado_publico.fid--22daefbc_19dc07f98be_-3431",
      "geometry": {
        "type": "Point",
        "coordinates": [-58.38220743, -34.6025196]
      },
      "geometry_name": "geom",
      "properties": {
        "id": 305620,
        "gna": "Árbol",
        "nam": "Fraxinus Pennsylvanica",
        "nco": "Fresno Americano",
        "clf": "Fresno",
        "sta": "Desbalanceada",
        "vta": "Vital",
        "uve": "Regular",
        "npl": "Elevada",
        "epl": "Ocupada",
        "alt": 8,
        "dmt": 16,
        "inc": null,
        "dir": "Lavalle 1093",
        "tar": "Arbolado lineal",
        "sag": "DG de Espacios Verdes y Arbolado"
      }
    },
    {
      "type": "Feature",
      "id": "arbolado_publico.fid--22daefbc_19dc07f98be_-3430",
      "geometry": {
        "type": "Point",
        "coordinates": [-58.38202987, -34.60250976]
      },
      "geometry_name": "geom",
      "properties": {
        "id": 305621,
        "gna": "Árbol",
        "nam": "Fraxinus Pennsylvanica",
        "nco": "Fresno Americano",
        "clf": "Fresno",
        "sta": "Descopado y Brotado",
        "vta": "Vital",
        "uve": "Regular",
        "npl": "Elevada",
        "epl": "Sobreocupada",
        "alt": 15,
        "dmt": 42,
        "inc": 15,
        "dir": "Lavalle 1073",
        "tar": "Arbolado lineal",
        "sag": "DG de Espacios Verdes y Arbolado"
      }
    },
    {
      "type": "Feature",
      "id": "arbolado_publico.fid--22daefbc_19dc07f98be_-342f",
      "geometry": {
        "type": "Point",
        "coordinates": [-58.38176191, -34.60249561]
      },
      "geometry_name": "geom",
      "properties": {
        "id": 305622,
        "gna": "Árbol",
        "nam": "Fraxinus Pennsylvanica",
        "nco": "Fresno Americano",
        "clf": "Fresno",
        "sta": "Desbalanceada",
        "vta": "Vital",
        "uve": "Regular",
        "npl": "A Nivel",
        "epl": "Ocupada",
        "alt": 16,
        "dmt": 37,
        "inc": 15,
        "dir": "Lavalle 1053",
        "tar": "Arbolado lineal",
        "sag": "DG de Espacios Verdes y Arbolado"
      }
    },
    {
      "type": "Feature",
      "id": "arbolado_publico.fid--22daefbc_19dc07f98be_-342e",
      "geometry": {
        "type": "Point",
        "coordinates": [-58.3836136, -34.6026514]
      },
      "geometry_name": "geom",
      "properties": {
        "id": 329698,
        "gna": "Árbol",
        "nam": "Fraxinus Pennsylvanica",
        "nco": "Fresno Americano",
        "clf": "Fresno",
        "sta": "Balanceada - Multicaule",
        "vta": "Vital",
        "uve": "Regular",
        "npl": "A Nivel",
        "epl": "Ocupada",
        "alt": 9,
        "dmt": 27,
        "inc": null,
        "dir": "Saenz Peña, Roque, Pres. Diagonal Norte Av. 1215",
        "tar": "Arbolado lineal",
        "sag": "DG de Espacios Verdes y Arbolado"
      }
    },
    {
      "type": "Feature",
      "id": "arbolado_publico.fid--22daefbc_19dc07f98be_-342d",
      "geometry": {
        "type": "Point",
        "coordinates": [-58.38465294, -34.6023237]
      },
      "geometry_name": "geom",
      "properties": {
        "id": 371566,
        "gna": "Árbol",
        "nam": "Fraxinus Pennsylvanica",
        "nco": "Fresno Americano",
        "clf": "Fresno",
        "sta": null,
        "vta": null,
        "uve": null,
        "npl": null,
        "epl": null,
        "alt": 8,
        "dmt": 18,
        "inc": null,
        "dir": "",
        "tar": "Arbolado lineal",
        "sag": "DG de Espacios Verdes y Arbolado"
      }
    },
    {
      "type": "Feature",
      "id": "arbolado_publico.fid--22daefbc_19dc07f98be_-342c",
      "geometry": {
        "type": "Point",
        "coordinates": [-58.3824305, -34.60149053]
      },
      "geometry_name": "geom",
      "properties": {
        "id": 389871,
        "gna": "Árbol",
        "nam": "Fraxinus Pennsylvanica",
        "nco": "Fresno Americano",
        "clf": "Fresno",
        "sta": "Balanceada - Bifurcada",
        "vta": "Vital",
        "uve": "Regular",
        "npl": "A Nivel",
        "epl": "Ocupada",
        "alt": 9,
        "dmt": 33,
        "inc": null,
        "dir": "Cerrito 600",
        "tar": "Arbolado lineal",
        "sag": "DG de Espacios Verdes y Arbolado"
      }
    },
    {
      "type": "Feature",
      "id": "arbolado_publico.fid--22daefbc_19dc07f98be_-342b",
      "geometry": {
        "type": "Point",
        "coordinates": [-58.3824305, -34.60149053]
      },
      "geometry_name": "geom",
      "properties": {
        "id": 389872,
        "gna": "Árbol",
        "nam": "Fraxinus Pennsylvanica",
        "nco": "Fresno Americano",
        "clf": "Fresno",
        "sta": "Balanceada - Bifurcada",
        "vta": "Vital",
        "uve": "Regular",
        "npl": "A Nivel",
        "epl": "Ocupada",
        "alt": 8,
        "dmt": 24,
        "inc": null,
        "dir": "Cerrito 600",
        "tar": "Arbolado lineal",
        "sag": "DG de Espacios Verdes y Arbolado"
      }
    },
    {
      "type": "Feature",
      "id": "arbolado_publico.fid--22daefbc_19dc07f98be_-342a",
      "geometry": {
        "type": "Point",
        "coordinates": [-58.3821932, -34.60553469]
      },
      "geometry_name": "geom",
      "properties": {
        "id": 389875,
        "gna": "Árbol",
        "nam": "Fraxinus Pennsylvanica",
        "nco": "Fresno Americano",
        "clf": "Fresno",
        "sta": "Balanceada - Bifurcada",
        "vta": "Vital",
        "uve": "Regular",
        "npl": "Bajo Nivel",
        "epl": "Ocupada",
        "alt": 10,
        "dmt": 20,
        "inc": null,
        "dir": "Cerrito 256",
        "tar": "Arbolado lineal",
        "sag": "DG de Espacios Verdes y Arbolado"
      }
    },
    {
      "type": "Feature",
      "id": "arbolado_publico.fid--22daefbc_19dc07f98be_-3429",
      "geometry": {
        "type": "Point",
        "coordinates": [-58.384575, -34.60197011]
      },
      "geometry_name": "geom",
      "properties": {
        "id": 415584,
        "gna": "Árbol",
        "nam": "Erythrina Crista-Galli",
        "nco": "Ceibo",
        "clf": "Otro",
        "sta": null,
        "vta": null,
        "uve": null,
        "npl": null,
        "epl": null,
        "alt": 5,
        "dmt": 29,
        "inc": null,
        "dir": "",
        "tar": "Arbolado lineal",
        "sag": "DG de Espacios Verdes y Arbolado"
      }
    },
    {
      "type": "Feature",
      "id": "arbolado_publico.fid--22daefbc_19dc07f98be_-3428",
      "geometry": {
        "type": "Point",
        "coordinates": [-58.38119848, -34.60201828]
      },
      "geometry_name": "geom",
      "properties": {
        "id": 416430,
        "gna": "Árbol",
        "nam": "Erythrina Crista-Galli",
        "nco": "Ceibo",
        "clf": "Otro",
        "sta": null,
        "vta": null,
        "uve": null,
        "npl": null,
        "epl": null,
        "alt": 1,
        "dmt": 18,
        "inc": null,
        "dir": "",
        "tar": "Arbolado lineal",
        "sag": "DG de Espacios Verdes y Arbolado"
      }
    },
    {
      "type": "Feature",
      "id": "arbolado_publico.fid--22daefbc_19dc07f98be_-3427",
      "geometry": {
        "type": "Point",
        "coordinates": [-58.38446357, -34.60233737]
      },
      "geometry_name": "geom",
      "properties": {
        "id": 417026,
        "gna": "Árbol",
        "nam": "Cedrus Deodara",
        "nco": "Cedro del Himalaya",
        "clf": "Otro",
        "sta": null,
        "vta": null,
        "uve": null,
        "npl": null,
        "epl": null,
        "alt": 23,
        "dmt": 49,
        "inc": null,
        "dir": "",
        "tar": "Arbolado lineal",
        "sag": "DG de Espacios Verdes y Arbolado"
      }
    },
    {
      "type": "Feature",
      "id": "arbolado_publico.fid--22daefbc_19dc07f98be_-3426",
      "geometry": {
        "type": "Point",
        "coordinates": [-58.38473547, -34.60138456]
      },
      "geometry_name": "geom",
      "properties": {
        "id": 422224,
        "gna": "Árbol",
        "nam": "Ficus Sp.",
        "nco": "Ficus",
        "clf": "Ficus",
        "sta": null,
        "vta": null,
        "uve": null,
        "npl": null,
        "epl": null,
        "alt": 10,
        "dmt": 120,
        "inc": null,
        "dir": "",
        "tar": "Arbolado lineal",
        "sag": "DG de Espacios Verdes y Arbolado"
      }
    }
  ],
  "totalFeatures": 356,
  "numberMatched": 356,
  "numberReturned": 356,
  "timeStamp": "2026-04-24T17:24:18.319Z",
  "crs": {
    "type": "name",
    "properties": {
      "name": "urn:ogc:def:crs:EPSG::4326"
    }
  }
}
